canonical_smiles	IC50	CID
CC(=O)N1CCC(Oc2nc(-c3ccc(NS(=O)(=O)c4cc(C)ccc4C#N)cc3)cc3[nH]nc(C)c23)CC1	3.2	136213550.0
CC(=O)N1CCC(Oc2nc(-c3ccc(NS(=O)(=O)c4cc(Cl)ccc4F)cc3)cc3[nH]nc(C)c23)CC1	11.0	136213537.0
CC(=O)N1CCC(Oc2nc(-c3ccc(NS(=O)(=O)c4cc(F)ccc4F)cc3)cc3[nH]nc(C)c23)CC1	2.8	136213552.0
CC(=O)c1ccc(-c2c[nH]c3ncc(-c4ccccc4)cc23)cc1	5000.0	45267446.0
CC(C(=O)O)c1ccc(-c2c[nH]c3ncc(-c4ccc5ccccc5c4)cc23)cc1	125.0	45273462.0
CC(C)(C(=O)O)c1ccc(-c2c[nH]c3ncc(-c4ccc5ccccc5c4)cc23)cc1	466.5	45268304.0
CC(C)(C(=O)O)c1ccc(-c2c[nH]c3ncc(-c4cccc(C#N)c4)cc23)cc1	1020.0	45273473.0
CC(C)(C(=O)O)c1ccc(-c2c[nH]c3ncc(-c4ccccc4)cc23)cc1	755.0	45272590.0
CC(C)(CO)COc1nc(-c2ccc(NS(=O)(=O)c3cc(Cl)ccc3Cl)cc2)nc2[nH]ncc12	7.1	136213088.0
CC(C)(CO)COc1nc(-c2ccc(NS(=O)(=O)c3cc(Cl)ccc3F)cc2)nc2[nH]ncc12	8.3	136213087.0
CC(C)(CO)COc1nc(-c2ccc(NS(=O)(=O)c3cccc(Cl)c3Cl)cc2)nc2[nH]ncc12	120.0	136213089.0
CC(C)(N)c1ccc(-c2nc3ccccc3nc2-c2ccccc2)cc1	250000.0	9819282.0
CC(C)(O)CCCOc1nc(-c2ccc(NS(=O)(=O)c3cc(Cl)ccc3F)cc2)nc2[nH]ncc12	11.0	136213111.0
CC(C)COc1nc(-c2ccc(NS(=O)(=O)c3cc(Cl)ccc3Cl)cc2)nc2[nH]nc(N)c12	130.0	118720603.0
CC(C)COc1nc(-c2ccc(NS(=O)(=O)c3cc(Cl)ccc3F)cc2)nc2[nH]nc(N)c12	20.0	136213308.0
CC(C)COc1nc(-c2ccc(NS(=O)(=O)c3cc(Cl)sc3Cl)cc2)nc2[nH]nc(N)c12	100.0	136213304.0
CC(C)COc1nc(-c2ccc(NS(=O)(=O)c3cc(F)c(F)cc3Cl)cc2)nc2[nH]nc(N)c12	1100.0	136213301.0
CC(C)COc1nc(-c2ccc(NS(=O)(=O)c3cc(F)c(F)cc3F)cc2)nc2[nH]nc(N)c12	690.0	136213303.0
CC(C)COc1nc(-c2ccc(NS(=O)(=O)c3cc(F)cc(F)c3Cl)cc2)nc2[nH]nc(N)c12	1400.0	136213310.0
CC(C)COc1nc(-c2ccc(NS(=O)(=O)c3cc(F)ccc3F)cc2)nc2[nH]nc(N)c12	170.0	86268785.0
CC(C)COc1nc(-c2ccc(NS(=O)(=O)c3ccc(F)cc3Cl)cc2)nc2[nH]nc(N)c12	950.0	136213296.0
CC(C)COc1nc(-c2ccc(NS(=O)(=O)c3cccc(Cl)c3F)cc2)nc2[nH]nc(N)c12	420.0	136213302.0
CC(C)COc1nc(-c2ccc(NS(=O)(=O)c3cccc(F)c3Cl)cc2)nc2[nH]nc(N)c12	330.0	136213300.0
CC(C)COc1nc(-c2ccc(NS(=O)(=O)c3ccccc3Cl)cc2)nc2[nH]nc(N)c12	480.0	136213294.0
CC(C)COc1nc(-c2ccc(NS(=O)(=O)c3ccccc3F)cc2)nc2[nH]nc(N)c12	290.0	136213305.0
CC(C)Cc1cc(-c2c[nH]c3ncc(-c4ccccc4)cc23)ccc1C(=O)O	292.5	45270042.0
CC(C)N1CC[C@H](NC(=O)c2cc(-c3ccc(NS(=O)(=O)c4cccc(Cl)c4Cl)cc3)nc3[nH]ncc23)C1	21.0	166636583.0
CC(C)NC(=O)c1cc(-c2ccc(NS(=O)(=O)c3cccc(Cl)c3Cl)cc2)nc2[nH]ncc12	8834.0	166634500.0
CC(C)NCc1ccc(Nc2cc(-c3ccc(-c4ccc(O)cc4O)cc3)n[nH]2)cc1	290.0	11248502.0
CC(C)Oc1nc(-c2ccc(NS(=O)(=O)c3cc(Cl)ccc3Cl)cc2)nc2[nH]nc(N)c12	8.3	86268573.0
CC(C)Oc1nc(-c2ccc(NS(=O)(=O)c3cc(Cl)ccc3F)c(F)c2)nc2[nH]nc(N)c12	3.4	90421187.0
CC1(C)C(=O)N([C@H]2CCc3c(O)cccc32)c2nc(Nc3ccccc3)ncc21	10000.0	69036886.0
CC1(C)C(O)C(C)(C)N1c1nc(-c2ccc(NS(=O)(=O)c3cc(Cl)ccc3F)cc2)nc2[nH]ncc12	58.0	136213099.0
CC1(C)OCC(=O)Nc2cc(Nc3nc(NCC(F)(F)F)c4occc4n3)ccc21	10000.0	137634241.0
CC1=NN(C)C(Cl)C1S(=O)(=O)Nc1ccc(-c2ncc3c(C)n[nH]c3n2)cc1	8100.0	136213119.0
CCCCCS(=O)(=O)Nc1ccc(-c2ccc3c(N)n[nH]c3c2)cc1	7140.0	118721247.0
CCCNC(=O)c1ccc(Nc2nc(NCC(F)(F)F)c3cc[nH]c3n2)cc1	606.0	16129448.0
CCCOc1nc(-c2ccc(NS(=O)(=O)c3cc(C)ccc3F)cc2)cc2[nH]nc(N)c12	6.3	136213488.0
CCCOc1nc(-c2ccc(NS(=O)(=O)c3cc(Cl)c(F)cc3F)cc2)cc2[nH]nc(N)c12	1.5	136213487.0
CCCOc1nc(-c2ccc(NS(=O)(=O)c3cc(Cl)ccc3Cl)cc2)cc2[nH]nc(N)c12	13.0	136213555.0
CCCOc1nc(-c2ccc(NS(=O)(=O)c3cc(Cl)ccc3Cl)cc2)nc2[nH]nc(C)c12	48.0	136213367.0
CCCOc1nc(-c2ccc(NS(=O)(=O)c3cc(F)c(F)cc3Cl)cc2)cc2[nH]nc(N)c12	23.0	136213497.0
CCCOc1nc(-c2ccc(NS(=O)(=O)c3cc(OC)ccc3Cl)cc2)cc2[nH]nc(N)c12	4.7	136213503.0
CCCOc1nc(-c2ccc(NS(=O)(=O)c3cc(OC)ccc3F)cc2)cc2[nH]nc(N)c12	2.6	136213501.0
CCCOc1nc(-c2ccc(NS(=O)(=O)c3ccccc3F)cc2)cc2[nH]nc(N)c12	9.4	136213499.0
CCN(CC)CC=Cc1[nH]c(=O)c2c(ccc3nc(Nc4c(Cl)cccc4Cl)n(C)c32)c1C	1000.0	9869943.0
CCN(CC)CCNC(=O)c1ccc2nc(-c3ccc(CN4CCC(n5c(=O)[nH]c6ccccc65)CC4)cc3)c(-c3ccccc3)nc2c1	50000.0	10055074.0
CCN(CC)CCNC(=O)c1ccc2nc(-c3ccccc3)c(-c3ccc(CN4CCC(n5c(=O)[nH]c6ccccc65)CC4)cc3)nc2c1	50000.0	10240275.0
CCN1CCC(CNC(=O)c2cc(-c3ccc(NS(=O)(=O)c4cccc(Cl)c4Cl)cc3)nc3[nH]ncc23)C1	55.0	166632995.0
CCN1CCC(Oc2nc(-c3ccc(NS(=O)(=O)c4cc(C)ccc4C#N)cc3)nc3[nH]nc(C)c23)CC1	8.6	136213361.0
CCN1CCC(Oc2nc(-c3ccc(NS(=O)(=O)c4cc(C)ccc4F)cc3)nc3[nH]nc(C)c23)CC1	5.7	86269188.0
CCN1CCC(Oc2nc(-c3ccc(NS(=O)(=O)c4cc(Cl)ccc4Cl)cc3)nc3[nH]nc(C)c23)CC1	4.1	86268992.0
CCN1CCC(Oc2nc(-c3ccc(NS(=O)(=O)c4cc(Cl)ccc4F)cc3)nc3[nH]nc(C)c23)CC1	4.0	86269190.0
CCN1CCC(Oc2nc(-c3ccc(NS(=O)(=O)c4cc(F)ccc4F)cc3)nc3[nH]nc(C)c23)CC1	8.6	136213359.0
CCN1CCC(Oc2nc(-c3ccc(NS(=O)(=O)c4cc(OC)ccc4Cl)cc3)nc3[nH]nc(C)c23)CC1	5.3	136213360.0
CCN1CCC(Oc2nc(-c3ccc(NS(=O)(=O)c4cc(OC)ccc4F)cc3)nc3[nH]nc(C)c23)CC1	4.7	86267958.0
CCN1CCC(Oc2nc(-c3ccc(NS(=O)(=O)c4ccccc4F)cc3)nc3[nH]nc(C)c23)CC1	13.0	86269189.0
CCN1CCCC(Oc2nc(-c3ccc(NS(=O)(=O)c4cc(C)ccc4F)cc3)nc3[nH]nc(C)c23)C1	28.0	136213363.0
CCN1CCCC(Oc2nc(-c3ccc(NS(=O)(=O)c4cc(Cl)ccc4Cl)cc3)nc3[nH]nc(C)c23)C1	40.0	136213364.0
CCN1CCCC(Oc2nc(-c3ccc(NS(=O)(=O)c4cc(Cl)ccc4F)cc3)nc3[nH]nc(C)c23)C1	40.0	86268371.0
CCN1CCCC(Oc2nc(-c3ccc(NS(=O)(=O)c4cc(F)ccc4F)cc3)nc3[nH]nc(C)c23)C1	660.0	136213365.0
CCN1CCCC(Oc2nc(-c3ccc(NS(=O)(=O)c4cc(OC)ccc4Cl)cc3)nc3[nH]nc(C)c23)C1	26.0	86268569.0
CCN1CCCC(Oc2nc(-c3ccc(NS(=O)(=O)c4cc(OC)ccc4F)cc3)nc3[nH]nc(C)c23)C1	13.0	136213366.0
CCN1CCCC(Oc2nc(-c3ccc(NS(=O)(=O)c4ccccc4F)cc3)nc3[nH]nc(C)c23)C1	740.0	136213362.0
CCNC(=O)c1cc(-c2ccc(NS(=O)(=O)c3cccc(Cl)c3Cl)cc2)nc2[nH]ncc12	963.0	166628699.0
CCOc1nc(-c2ccc(NS(=O)(=O)c3cc(C)ccc3C#N)cc2)cc2[nH]nc(C)c12	8.1	136213564.0
CCOc1nc(-c2ccc(NS(=O)(=O)c3cc(C)ccc3F)cc2)cc2[nH]nc(C)c12	8.0	136213568.0
CCOc1nc(-c2ccc(NS(=O)(=O)c3cc(C)ccc3F)cc2)cc2[nH]nc(N)c12	0.5	136213489.0
CCOc1nc(-c2ccc(NS(=O)(=O)c3cc(Cl)c(F)cc3F)cc2)nc2[nH]nc(N)c12	0.57	136213379.0
CCOc1nc(-c2ccc(NS(=O)(=O)c3cc(Cl)ccc3Cl)cc2)nc2[nH]nc(C)c12	11.0	136213368.0
CCOc1nc(-c2ccc(NS(=O)(=O)c3cc(Cl)ccc3F)cc2)cc2[nH]nc(C)c12	23.0	136213567.0
CCOc1nc(-c2ccc(NS(=O)(=O)c3cc(Cl)ccc3F)cc2)nc2[nH]nc(C)c12	103.0	166633002.0
CCOc1nc(-c2ccc(NS(=O)(=O)c3cc(F)c(F)cc3Cl)cc2)cc2[nH]nc(N)c12	97.0	136213505.0
CCOc1nc(-c2ccc(NS(=O)(=O)c3cc(F)c(F)cc3F)cc2)cc2[nH]nc(N)c12	15.5	136213504.0
CCOc1nc(-c2ccc(NS(=O)(=O)c3cc(F)ccc3F)cc2)cc2[nH]nc(C)c12	21.0	136213565.0
CCOc1nc(-c2ccc(NS(=O)(=O)c3cc(OC)ccc3Cl)cc2)cc2[nH]nc(C)c12	15.0	136213566.0
CCOc1nc(-c2ccc(NS(=O)(=O)c3cc(OC)ccc3Cl)cc2)cc2[nH]nc(N)c12	3.2	136213502.0
CCOc1nc(-c2ccc(NS(=O)(=O)c3cc(OC)ccc3F)cc2)cc2[nH]nc(C)c12	9.5	136213553.0
CCOc1nc(-c2ccc(NS(=O)(=O)c3cc(OC)ccc3F)cc2)cc2[nH]nc(N)c12	1.7	136213500.0
CCOc1nc(-c2ccc(NS(=O)(=O)c3ccccc3F)cc2)cc2[nH]nc(C)c12	26.0	136213554.0
CCOc1nc(-c2ccc(NS(=O)(=O)c3ccccc3F)cc2)cc2[nH]nc(N)c12	7.1	136213498.0
CCc1cc(-c2c[nH]c3ncc(-c4ccccc4)cc23)ccc1C(=O)O	365.0	45271705.0
CN(C)CCCNC(=O)c1cc(-c2ccc(NS(=O)(=O)c3cccc(Cl)c3Cl)cc2)nc2[nH]ncc12	633.0	166629844.0
CN(C)CCN1CCN(C(=O)c2cc(C(C)(C)C)sc2NC(=O)Nc2cccc(Cl)c2Cl)CCC1=O	19000.0	53384644.0
CN(C)c1ccc(C(=O)Nc2cccc(NC(=O)COc3ccc4c(=O)ccoc4c3)c2)cc1	10000.0	155513187.0
CN(C)c1nc2c(Br)c(Br)c(Br)c(Br)c2[nH]1	3570.0	5326976.0
CN(CCO)C(=O)c1cc(-c2ccc(NS(=O)(=O)c3cccc(Cl)c3Cl)cc2)nc2[nH]ncc12	12.5	166628311.0
CN1CC(NC(=O)c2cc(-c3ccc(NS(=O)(=O)c4cccc(Cl)c4Cl)cc3)nc3[nH]ncc23)C1	1.0	166630738.0
CN1CCC(CNC(=O)c2cc(-c3ccc(NS(=O)(=O)c4cccc(Cl)c4Cl)cc3)nc3[nH]ncc23)C1	29.5	166630719.0
CN1CCC(NC(=O)c2cc(-c3ccc(NS(=O)(=O)c4cccc(Cl)c4Cl)cc3)nc3[nH]ncc23)C1	11.0	166635218.0
CN1CCC(Oc2nc(-c3ccc(NS(=O)(=O)c4cc(Cl)ccc4Cl)cc3)nc3[nH]ncc23)CC1	4.8	136213242.0
CN1CCC(Oc2nc(-c3ccc(NS(=O)(=O)c4cc(Cl)ccc4F)cc3)nc3[nH]ncc23)CC1	0.59	136213267.0
CN1CCC(Oc2nc(-c3ccc(NS(=O)(=O)c4cc(F)ccc4F)cc3)nc3[nH]ncc23)CC1	26.0	136213253.0
CN1CCC(Oc2nc(-c3ccc(NS(=O)(=O)c4ccccc4F)cc3)nc3[nH]ncc23)CC1	180.0	136213241.0
CN1CCN(Cc2ccc(-c3cnc4[nH]cc(-c5ccc6[nH]ccc6c5)c4c3)cc2)CC1	201.0	54764565.0
CN1CCN(Cc2nnc3c4cc(-c5ccccc5)c(-c5ccc(CN6CCC(c7nnc(-c8ccccn8)[nH]7)CC6)cc5)nc4ccn23)CC1	50000.0	44572054.0
CN1CCN(c2nc(-c3ccc(NS(=O)(=O)c4cc(Cl)ccc4Cl)cc3)nc3[nH]ncc23)CC1	6.3	136213054.0
CN1CCN(c2nc(-c3ccc(NS(=O)(=O)c4cccc(Cl)c4Cl)cc3)nc3[nH]ncc23)CC1	28.7	125504973.0
CN1Cc2nn(C)c(C#N)c2-c2cnc3[nH]c(F)c(c3c2)-c2cn(nc2C(F)(F)F)CCCC1=O	690.0	166633521.0
CN1Cc2nn(C)c(C#N)c2-c2cnc3[nH]cc(c3c2)-c2cn(nc2C(F)(F)F)CCCC1=O	212.0	166633407.0
CNC(=O)C[C@@H]1C[C@@H](c2ccc(F)c(F)c2)[C@H](NC(=O)c2cc(-c3c(Cl)cnn3C)c(Cl)o2)CN1	145.0	138911338.0
CNC(=O)[C@@H](C)N(C)Cc1cc2c(Nc3cccc(Cl)c3F)ncnc2cc1OC	10000.0	11661959.0
CNC(=O)[C@H]1CCCN1Cc1cc2c(Nc3cccc(Cl)c3F)ncnc2cc1OC	10000.0	44410953.0
CNC(=O)c1cc(-c2ccc(NS(=O)(=O)c3cccc(Cl)c3Cl)cc2)nc2[nH]ncc12	466.5	16005246.0
CN[C@@H]1C[C@H]2O[C@@](C)([C@@H]1OC)n1c3ccccc3c3c4c(c5c6ccccc6n2c5c31)C(=O)NC4	9.3	44259.0
COC(=O)c1ccc(-c2c[nH]c3ncc(-c4ccccc4)cc23)cc1	3160.0	45268287.0
COCCCN1CCC(Oc2nc(-c3ccc(NS(=O)(=O)c4cc(F)ccc4F)cc3)nc3[nH]nc(C)c23)CC1	8.2	86268991.0
COCCCN1CCC(Oc2nc(-c3ccc(NS(=O)(=O)c4cc(F)ccc4F)cc3)nc3[nH]ncc23)CC1	120.0	136213357.0
COCCCOc1nc(-c2ccc(NS(=O)(=O)c3cc(OC)ccc3Cl)cc2)nc2[nH]nc(C)c12	6.9	136213355.0
COCCN(Cc1cc2c(Nc3cccc(Cl)c3F)ncnc2cc1OC)[C@@H](C)C(N)=O	10000.0	44410956.0
COCCN1CC(C(N)=O)(N(C)Cc2cc3c(Nc4cccc(Cl)c4F)ncnc3cc2OC)C1	10000.0	11526238.0
COCCN1CCC(Oc2nc(-c3ccc(NS(=O)(=O)c4cc(C)ccc4F)cc3)nc3[nH]nc(C)c23)CC1	6.3	86268174.0
COCCN1CCC(Oc2nc(-c3ccc(NS(=O)(=O)c4cc(Cl)ccc4F)cc3)nc3[nH]nc(C)c23)CC1	4.7	86268173.0
COCCN1CCC(Oc2nc(-c3ccc(NS(=O)(=O)c4cc(F)ccc4F)cc3)nc3[nH]nc(C)c23)CC1	11.0	86268176.0
COCC[C@@H](C(N)=O)N(C)Cc1cc2c(Nc3cccc(Cl)c3F)ncnc2cc1OC	10000.0	11691173.0
COCCc1n[nH]c2nc(-c3ccc(NS(=O)(=O)c4cc(F)c(F)cc4F)cc3)nc(N)c12	3600.0	136213437.0
COCCc1nc(-c2ccc(NS(=O)(=O)c3cc(C)ccc3C#N)cc2)nc2[nH]nc(N)c12	68.0	86269398.0
COCCc1nc(-c2ccc(NS(=O)(=O)c3cc(C)ccc3F)cc2)nc2[nH]nc(N)c12	17.05	136213425.0
COCCc1nc(-c2ccc(NS(=O)(=O)c3cc(Cl)c(F)cc3F)cc2)nc2[nH]nc(N)c12	40.0	136213423.0
COCCc1nc(-c2ccc(NS(=O)(=O)c3cc(Cl)ccc3Cl)cc2)nc2[nH]nc(N)c12	25.85	136213427.0
COCCc1nc(-c2ccc(NS(=O)(=O)c3cc(Cl)ccc3F)cc2)nc2[nH]nc(N)c12	67.5	136213428.0
COCCc1nc(-c2ccc(NS(=O)(=O)c3cc(Cl)sc3Cl)cc2)nc2[nH]nc(N)c12	310.0	136213431.0
COCCc1nc(-c2ccc(NS(=O)(=O)c3cc(F)c(F)cc3Cl)cc2)nc2[nH]nc(N)c12	1500.0	136213432.0
COCCc1nc(-c2ccc(NS(=O)(=O)c3cc(F)ccc3F)cc2)nc2[nH]nc(N)c12	15000.0	136213430.0
COCCc1nc(-c2ccc(NS(=O)(=O)c3cc(OC)ccc3C#N)cc2)nc2[nH]nc(N)c12	65.0	136213438.0
COCCc1nc(-c2ccc(NS(=O)(=O)c3cc(OC)ccc3Cl)cc2)nc2[nH]nc(N)c12	18.0	136213424.0
COCCc1nc(-c2ccc(NS(=O)(=O)c3cc(OC)ccc3F)cc2)nc2[nH]nc(N)c12	12.0	136213426.0
COCCc1nc(-c2ccc(NS(=O)(=O)c3ccc(F)cc3Cl)cc2)nc2[nH]nc(N)c12	1500.0	136213429.0
COCCc1nc(-c2ccc(NS(=O)(=O)c3cccc(Cl)c3F)cc2)nc2[nH]nc(N)c12	1300.0	136213433.0
COCCc1nc(-c2ccc(NS(=O)(=O)c3ccccc3F)cc2)nc2[nH]nc(N)c12	1500.0	136213434.0
COC[C@@H](C(N)=O)N(C)Cc1cc2c(Nc3cccc(Cl)c3F)ncnc2cc1OC	10000.0	11719305.0
COc1cc(-c2ccc3c(c2)Nc2ccc(C(C)(C)C(=O)Nc4ccc(N5CCOCC5)cc4)cc2NC3=O)ccc1N	10000.0	44427519.0
COc1cc(-c2ccc3c(c2)Nc2ccc(CC(=O)Nc4ccc(N5CCOCC5)cc4)cc2NC3=O)ccc1N	50000.0	44427518.0
COc1cc(-c2ncc3c(C)n[nH]c3n2)ccc1NS(=O)(=O)c1cc(Cl)ccc1Cl	1.5	90421048.0
COc1cc(Br)c(S(=O)(=O)Nc2ccc(-c3ncc4c(C)n[nH]c4n3)cc2)cc1OC	140.0	136213130.0
COc1cc(C)c(S(=O)(=O)Nc2ccc(-c3ncc4c(C)n[nH]c4n3)cc2)cc1OC	2700.0	136213131.0
COc1cc(C2CN(C(=O)c3cc(COC[C@@H](O)CO)ccn3)C2)ccc1OCc1ccc(C2CC2)cc1	1000.0	49806372.0
COc1cc(F)c(S(=O)(=O)Nc2ccc(-c3ncc4c(C)n[nH]c4n3)cc2)cc1OC	85.0	136213129.0
COc1cc(O)ccc1/C=N/NC(=O)Cc1cccc(O)c1	138.0	118721246.0
COc1cc(Oc2nc(-c3ccc(NS(=O)(=O)c4cc(C)ccc4C#N)cc3)cc3[nH]nc(C)c23)ccn1	11.0	136213558.0
COc1cc(Oc2nc(-c3ccc(NS(=O)(=O)c4cc(C)ccc4F)cc3)cc3[nH]nc(C)c23)ccn1	21.0	136213563.0
COc1cc(Oc2nc(-c3ccc(NS(=O)(=O)c4cc(Cl)ccc4Cl)cc3)cc3[nH]nc(C)c23)ccn1	31.0	136213560.0
COc1cc(Oc2nc(-c3ccc(NS(=O)(=O)c4cc(Cl)ccc4F)cc3)cc3[nH]nc(C)c23)ccn1	25.0	136213557.0
COc1cc(Oc2nc(-c3ccc(NS(=O)(=O)c4cc(F)ccc4F)cc3)cc3[nH]nc(C)c23)ccn1	61.0	136213559.0
COc1cc(Oc2nc(-c3ccc(NS(=O)(=O)c4ccccc4F)cc3)cc3[nH]nc(C)c23)ccn1	67.0	136213562.0
COc1cc2c(cc1Cl)C(c1ccc(Cl)c(Cl)c1)=NCC2	10000.0	44138048.0
COc1cc2c(cc1Cl)C(c1cccc(Cl)c1)=NCC2	10000.0	44138049.0
COc1cc2ncnc(Nc3ccc(F)c(Cl)c3)c2cc1CN1CCC[C@@H]1C(N)=O	10000.0	11532048.0
COc1cc2ncnc(Nc3ccc(F)c(Cl)c3)c2cc1CN1CCC[C@H]1C(N)=O	10000.0	11546457.0
COc1cc2ncnc(Nc3cccc(Cl)c3F)c2cc1CN(C(C)C)[C@@H](C)C(N)=O	10000.0	44410949.0
COc1cc2ncnc(Nc3cccc(Cl)c3F)c2cc1CN(C)C1(C(N)=O)CCN(C(C)C)CC1	10000.0	44411183.0
COc1cc2ncnc(Nc3cccc(Cl)c3F)c2cc1CN(C)C1(C(N)=O)CCN(C)CC1	10000.0	11620055.0
COc1cc2ncnc(Nc3cccc(Cl)c3F)c2cc1CN(C)C1(C(N)=O)CN(C(C)C)C1	10000.0	11562171.0
COc1cc2ncnc(Nc3cccc(Cl)c3F)c2cc1CN(C)C1(C(N)=O)CN(C)C1	10000.0	11532676.0
COc1cc2ncnc(Nc3cccc(Cl)c3F)c2cc1CN(C)C1CCNC1=O	10000.0	44410948.0
COc1cc2ncnc(Nc3cccc(Cl)c3F)c2cc1CN(C)CC(N)=O	10000.0	11682843.0
COc1cc2ncnc(Nc3cccc(Cl)c3F)c2cc1CN(C)[C@@H](C)C(N)=O	10000.0	11596881.0
COc1cc2ncnc(Nc3cccc(Cl)c3F)c2cc1CN(C)[C@@H](CN(C)C)C(N)=O	10000.0	44411161.0
COc1cc2ncnc(Nc3cccc(Cl)c3F)c2cc1CN(C)[C@@H](CO)C(N)=O	10000.0	11373886.0
COc1cc2ncnc(Nc3cccc(Cl)c3F)c2cc1CN(C)[C@H](C)C(=O)N(C)C	10000.0	44410723.0
COc1cc2ncnc(Nc3cccc(Cl)c3F)c2cc1CN(C)[C@H](C)C(N)=O	10000.0	11531799.0
COc1cc2ncnc(Nc3cccc(Cl)c3F)c2cc1CN(CCN(C)C)[C@@H](C)C(N)=O	10000.0	44410954.0
COc1cc2ncnc(Nc3cccc(Cl)c3F)c2cc1CN1CC(C(N)=O)C1	10000.0	44410829.0
COc1cc2ncnc(Nc3cccc(Cl)c3F)c2cc1CN1CCC1C(N)=O	10000.0	44410851.0
COc1cc2ncnc(Nc3cccc(Cl)c3F)c2cc1CN1CCCC1	10000.0	44410844.0
COc1cc2ncnc(Nc3cccc(Cl)c3F)c2cc1CN1CCCC[C@@H]1C(N)=O	10000.0	44410717.0
COc1cc2ncnc(Nc3cccc(Cl)c3F)c2cc1CN1CCC[C@@H]1C(=O)N(C)C	10000.0	44410955.0
COc1cc2ncnc(Nc3cccc(Cl)c3F)c2cc1CN1CCC[C@@H]1C(N)=O	10000.0	11502867.0
COc1cc2ncnc(Nc3cccc(Cl)c3F)c2cc1CN1CCC[C@H]1C(N)=O	10000.0	11495680.0
COc1cc2ncnc(Nc3cccc(Cl)c3F)c2cc1CN1CCC[C@H]1CC(N)=O	10000.0	44410959.0
COc1cc2ncnc(Nc3cccc(Cl)c3F)c2cc1CN1CCN(C)CC1C(N)=O	10000.0	44410960.0
COc1cc2ncnc(Nc3cccc(Cl)c3F)c2cc1CN1CCOCC1C(N)=O	10000.0	44410720.0
COc1cc2ncnc(Nc3cccc(Cl)c3F)c2cc1CN1CC[C@H](C(N)=O)C1	10000.0	44411048.0
COc1cc2ncnc(Nc3cccc(Cl)c3F)c2cc1CN1C[C@H](OC)C[C@@H]1C(N)=O	10000.0	44410869.0
COc1cc2ncnc(Nc3cccc(Cl)c3F)c2cc1CN[C@H](C)C(N)=O	10000.0	11516978.0
COc1ccc(-c2cc3c(=O)[nH]cnc3s2)cc1OC	110000.0	71463565.0
COc1ccc(C#N)c(S(=O)(=O)Nc2ccc(-c3cc4[nH]nc(C)c4c(OC4CCN(C5CCC5)CC4)n3)cc2)c1	3.2	136213532.0
COc1ccc(C#N)c(S(=O)(=O)Nc2ccc(-c3cc4[nH]nc(N)c4c(C(F)(F)F)n3)cc2)c1	1.5	136213464.0
COc1ccc(C#N)c(S(=O)(=O)Nc2ccc(-c3cnc4c(N)n[nH]c4n3)cc2)c1	2.0	71534719.0
COc1ccc(C#N)c(S(=O)(=O)Nc2ccc(-c3nc(C4CC4)c4c(N)n[nH]c4n3)cc2)c1	1.5	86268372.0
COc1ccc(C#N)c(S(=O)(=O)Nc2ccc(-c3nc(OC4CCC(O)CC4)c4c(C)n[nH]c4n3)cc2)c1	13.0	136213153.0
COc1ccc(C#N)c(S(=O)(=O)Nc2ccc(-c3nc(OC4CCC(O)CC4)c4cn[nH]c4n3)cc2)c1	1.5	86269397.0
COc1ccc(C#N)c(S(=O)(=O)Nc2ccc(-c3nc(OCC(C)C)c4c(N)n[nH]c4n3)cc2)c1	5.5	136213309.0
COc1ccc(C#N)c(S(=O)(=O)Nc2ccc(-c3ncc4c(N)n[nH]c4n3)cc2)c1	2.4	136213439.0
COc1ccc(CCNc2ncc(C(=O)NCCCN3CCCC3=O)c(NC3CCCC3)n2)cc1OC	30000.0	71552696.0
COc1ccc(Cl)c(S(=O)(=O)Nc2ccc(-c3cc4[nH]nc(C)c4c(OC4CC(C)(C)N(C)C(C)(C)C4)n3)cc2)c1	3.7	136213523.0
COc1ccc(Cl)c(S(=O)(=O)Nc2ccc(-c3cc4[nH]nc(C)c4c(OC4CC(C)(C)NC(C)(C)C4)n3)cc2)c1	2.9	136213519.0
COc1ccc(Cl)c(S(=O)(=O)Nc2ccc(-c3cc4[nH]nc(C)c4c(OC4CCN(C(C)=O)CC4)n3)cc2)c1	5.8	136213551.0
COc1ccc(Cl)c(S(=O)(=O)Nc2ccc(-c3cc4[nH]nc(C)c4c(OC4CCN(C5CCC5)CC4)n3)cc2)c1	3.7	136213534.0
COc1ccc(Cl)c(S(=O)(=O)Nc2ccc(-c3cc4[nH]nc(C)c4c(OCC4CN(C(C)C)C4)n3)cc2)c1	6.7	136213481.0
COc1ccc(Cl)c(S(=O)(=O)Nc2ccc(-c3cc4[nH]nc(C)c4c(OCCC(=O)N(C)C)n3)cc2)c1	13.0	136213580.0
COc1ccc(Cl)c(S(=O)(=O)Nc2ccc(-c3cc4[nH]nc(C)c4c(Oc4ccc(N(C)C)nc4)n3)cc2)c1	25.0	136213590.0
COc1ccc(Cl)c(S(=O)(=O)Nc2ccc(-c3cc4[nH]nc(C)c4c(Oc4ccc(N)nc4)n3)cc2)c1	6.6	136213572.0
COc1ccc(Cl)c(S(=O)(=O)Nc2ccc(-c3cc4[nH]nc(C)c4c(Oc4ccc(OC)nc4)n3)cc2)c1	25.0	136213542.0
COc1ccc(Cl)c(S(=O)(=O)Nc2ccc(-c3cc4[nH]nc(C)c4c(Oc4ccnc(OC)c4)n3)cc2)c1	25.0	136213561.0
COc1ccc(Cl)c(S(=O)(=O)Nc2ccc(-c3cc4[nH]nc(N)c4c(C(F)(F)F)n3)cc2)c1	2.4	136213474.0
COc1ccc(Cl)c(S(=O)(=O)Nc2ccc(-c3ccc4c(N)n[nH]c4c3)cc2)c1	26.0	118987695.0
COc1ccc(Cl)c(S(=O)(=O)Nc2ccc(-c3cnc4c(C)n[nH]c4n3)cc2)c1	2.0	71537836.0
COc1ccc(Cl)c(S(=O)(=O)Nc2ccc(-c3cnc4c(N)n[nH]c4n3)cc2)c1	18.0	71537838.0
COc1ccc(Cl)c(S(=O)(=O)Nc2ccc(-c3nc(C)c4c(N)n[nH]c4n3)cc2)c1	1.5	136213393.0
COc1ccc(Cl)c(S(=O)(=O)Nc2ccc(-c3nc(C)c4cn[nH]c4n3)cc2)c1	1.8	136213414.0
COc1ccc(Cl)c(S(=O)(=O)Nc2ccc(-c3nc(N4CC(CO)C4)c4cn[nH]c4n3)cc2)c1	14.0	136213135.0
COc1ccc(Cl)c(S(=O)(=O)Nc2ccc(-c3nc(O)c4cn[nH]c4n3)cc2)c1	46.0	136213150.0
COc1ccc(Cl)c(S(=O)(=O)Nc2ccc(-c3nc(OC)c4c(N)n[nH]c4n3)cc2)c1	1.5	136213170.0
COc1ccc(Cl)c(S(=O)(=O)Nc2ccc(-c3nc(OC)c4cn[nH]c4n3)cc2)c1	10.0	136213163.0
COc1ccc(Cl)c(S(=O)(=O)Nc2ccc(-c3nc(OC4CCC(O)CC4)c4c(C)n[nH]c4n3)cc2)c1	1.7	136213127.0
COc1ccc(Cl)c(S(=O)(=O)Nc2ccc(-c3nc(OC4CCC(O)CC4)c4cn[nH]c4n3)cc2)c1	2.2	136213115.0
COc1ccc(Cl)c(S(=O)(=O)Nc2ccc(-c3nc(OC4CCCNC4)c4c(C)n[nH]c4n3)cc2)c1	4.5	136213297.0
COc1ccc(Cl)c(S(=O)(=O)Nc2ccc(-c3nc(OC4CCN(C(C)C)CC4)c4c(C)n[nH]c4n3)cc2)c1	4.8	136213316.0
COc1ccc(Cl)c(S(=O)(=O)Nc2ccc(-c3nc(OC4CCN(CC(F)(F)F)CC4)c4c(C)n[nH]c4n3)cc2)c1	860.0	136213349.0
COc1ccc(Cl)c(S(=O)(=O)Nc2ccc(-c3nc(OC4CCN(CCF)CC4)c4c(C)n[nH]c4n3)cc2)c1	4.9	136213314.0
COc1ccc(Cl)c(S(=O)(=O)Nc2ccc(-c3nc(OC4CCNCC4(F)F)c4c(C)n[nH]c4n3)cc2)c1	1.5	136213260.0
COc1ccc(Cl)c(S(=O)(=O)Nc2ccc(-c3nc(OC4CCNCC4(F)F)c4cn[nH]c4n3)cc2)c1	3.7	136213248.0
COc1ccc(Cl)c(S(=O)(=O)Nc2ccc(-c3nc(OC4CCNCC4)c4cn[nH]c4n3)cc2)c1	1.5	136213228.0
COc1ccc(Cl)c(S(=O)(=O)Nc2ccc(-c3nc(OC4CCNCC4F)c4c(C)n[nH]c4n3)cc2)c1	2.3	136213284.0
COc1ccc(Cl)c(S(=O)(=O)Nc2ccc(-c3nc(OCC(C)C)c4c(N)n[nH]c4n3)cc2)c1	27.0	136213306.0
COc1ccc(Cl)c(S(=O)(=O)Nc2ccc(-c3nc(OCC(CO)CO)c4c(C)n[nH]c4n3)cc2)c1	2.7	136213325.0
COc1ccc(Cl)c(S(=O)(=O)Nc2ccc(-c3nc(OCC(F)(F)CN)c4c(C)n[nH]c4n3)cc2)c1	3.8	136213329.0
COc1ccc(Cl)c(S(=O)(=O)Nc2ccc(-c3nc(OCC(F)(F)F)c4c(N)n[nH]c4n3)cc2)c1	2.3	136213202.0
COc1ccc(Cl)c(S(=O)(=O)Nc2ccc(-c3nc(OCC(F)(F)F)c4cn[nH]c4n3)cc2)c1	6.1	136213178.0
COc1ccc(Cl)c(S(=O)(=O)Nc2ccc(-c3nc(OCC4(CN)COC4)c4cn[nH]c4n3)cc2)c1	0.85	136213236.0
COc1ccc(Cl)c(S(=O)(=O)Nc2ccc(-c3nc(OCC4CNC4)c4cn[nH]c4n3)cc2)c1	1.5	136213174.0
COc1ccc(Cl)c(S(=O)(=O)Nc2ccc(-c3nc(OCC4CNCCO4)c4c(C)n[nH]c4n3)cc2)c1	3.3	136213271.0
COc1ccc(Cl)c(S(=O)(=O)Nc2ccc(-c3nc(OCC4CNCCO4)c4cn[nH]c4n3)cc2)c1	7.1	136213286.0
COc1ccc(Cl)c(S(=O)(=O)Nc2ccc(-c3nc(OCCC(N)=O)c4cn[nH]c4n3)cc2)c1	2.3	136213142.0
COc1ccc(Cl)c(S(=O)(=O)Nc2ccc(-c3nc(OCCCC(N)=O)c4cn[nH]c4n3)cc2)c1	3.0	136213138.0
COc1ccc(Cl)c(S(=O)(=O)Nc2ccc(-c3nc(OCCCN)c4c(C)n[nH]c4n3)cc2)c1	1.5	136213218.0
COc1ccc(Cl)c(S(=O)(=O)Nc2ccc(-c3nc(OCCCN)c4cn[nH]c4n3)cc2)c1	1.5	136213210.0
COc1ccc(Cl)c(S(=O)(=O)Nc2ccc(-c3nc(O[C@@H]4CCC(O)C4)c4cn[nH]c4n3)cc2)c1	1.5	136213116.0
COc1ccc(Cl)c(S(=O)(=O)Nc2ccc(-c3ncc4c(C)n[nH]c4n3)cc2F)c1	1.4	90421653.0
COc1ccc(Cl)c(S(=O)(=O)Nc2ccc(-c3ncc4c(N)n[nH]c4n3)cc2)c1	1.5	136213388.0
COc1ccc(F)c(S(=O)(=O)Nc2ccc(-c3cc4[nH]nc(C)c4c(OC4CC(C)(C)N(C)C(C)(C)C4)n3)cc2)c1	1.8	136213524.0
COc1ccc(F)c(S(=O)(=O)Nc2ccc(-c3cc4[nH]nc(C)c4c(OC4CC(C)(C)NC(C)(C)C4)n3)cc2)c1	4.6	136213521.0
COc1ccc(F)c(S(=O)(=O)Nc2ccc(-c3cc4[nH]nc(C)c4c(OC4CCN(C(C)=O)CC4)n3)cc2)c1	5.8	136213549.0
COc1ccc(F)c(S(=O)(=O)Nc2ccc(-c3cc4[nH]nc(C)c4c(OC4CCN(C5CCC5)CC4)n3)cc2)c1	2.2	136213533.0
COc1ccc(F)c(S(=O)(=O)Nc2ccc(-c3cc4[nH]nc(C)c4c(OCC4CN(C(C)C)C4)n3)cc2)c1	5.7	136213486.0
COc1ccc(F)c(S(=O)(=O)Nc2ccc(-c3cc4[nH]nc(C)c4c(OCCC(=O)N(C)C)n3)cc2)c1	6.5	136213583.0
COc1ccc(F)c(S(=O)(=O)Nc2ccc(-c3cc4[nH]nc(C)c4c(Oc4ccc(N(C)C)nc4)n3)cc2)c1	10.0	136213589.0
COc1ccc(F)c(S(=O)(=O)Nc2ccc(-c3cc4[nH]nc(C)c4c(Oc4ccc(N)nc4)n3)cc2)c1	2.3	136213569.0
COc1ccc(F)c(S(=O)(=O)Nc2ccc(-c3cc4[nH]nc(C)c4c(Oc4ccc(O)nc4)n3)cc2)c1	2.5	136213492.0
COc1ccc(F)c(S(=O)(=O)Nc2ccc(-c3cc4[nH]nc(C)c4c(Oc4ccc(OC)nc4)n3)cc2)c1	30.0	136213544.0
COc1ccc(F)c(S(=O)(=O)Nc2ccc(-c3cc4[nH]nc(C)c4c(Oc4ccnc(OC)c4)n3)cc2)c1	7.0	136213556.0
COc1ccc(F)c(S(=O)(=O)Nc2ccc(-c3cnc4c(N)n[nH]c4n3)cc2)c1	3.0	71534721.0
COc1ccc(F)c(S(=O)(=O)Nc2ccc(-c3nc(C4CC4)c4cn[nH]c4n3)cc2)c1	1.5	136213167.0
COc1ccc(F)c(S(=O)(=O)Nc2ccc(-c3nc(CCCCl)c4cn[nH]c4n3)cc2)c1	17.0	136213168.0
COc1ccc(F)c(S(=O)(=O)Nc2ccc(-c3nc(OC)c4c(N)n[nH]c4n3)cc2)c1	1.5	136213171.0
COc1ccc(F)c(S(=O)(=O)Nc2ccc(-c3nc(OC)c4cn[nH]c4n3)cc2)c1	3.5	136213164.0
COc1ccc(F)c(S(=O)(=O)Nc2ccc(-c3nc(OC4CCC(O)CC4)c4c(C)n[nH]c4n3)cc2)c1	1.5	118720599.0
COc1ccc(F)c(S(=O)(=O)Nc2ccc(-c3nc(OC4CCC(O)CC4)c4cn[nH]c4n3)cc2)c1	1.5	136213156.0
COc1ccc(F)c(S(=O)(=O)Nc2ccc(-c3nc(OC4CCCNC4)c4c(C)n[nH]c4n3)cc2)c1	3.5	136213275.0
COc1ccc(F)c(S(=O)(=O)Nc2ccc(-c3nc(OC4CCCNC4)c4cn[nH]c4n3)cc2)c1	2.1	136213254.0
COc1ccc(F)c(S(=O)(=O)Nc2ccc(-c3nc(OC4CCN(C(C)C)CC4)c4c(C)n[nH]c4n3)cc2)c1	3.6	136213324.0
COc1ccc(F)c(S(=O)(=O)Nc2ccc(-c3nc(OC4CCN(C)CC4)c4cn[nH]c4n3)cc2)c1	3.0	136213252.0
COc1ccc(F)c(S(=O)(=O)Nc2ccc(-c3nc(OC4CCN(CC(F)(F)F)CC4)c4c(C)n[nH]c4n3)cc2)c1	80.0	136213352.0
COc1ccc(F)c(S(=O)(=O)Nc2ccc(-c3nc(OC4CCN(CCF)CC4)c4c(C)n[nH]c4n3)cc2)c1	3.4	136213317.0
COc1ccc(F)c(S(=O)(=O)Nc2ccc(-c3nc(OC4CCNCC4(F)F)c4c(C)n[nH]c4n3)cc2)c1	1.3	136213259.0
COc1ccc(F)c(S(=O)(=O)Nc2ccc(-c3nc(OC4CCNCC4(F)F)c4cn[nH]c4n3)cc2)c1	2.9	136213247.0
COc1ccc(F)c(S(=O)(=O)Nc2ccc(-c3nc(OC4CCNCC4)c4cn[nH]c4n3)cc2)c1	1.5	136213232.0
COc1ccc(F)c(S(=O)(=O)Nc2ccc(-c3nc(OC4CCNCC4F)c4c(C)n[nH]c4n3)cc2)c1	1.9	136213282.0
COc1ccc(F)c(S(=O)(=O)Nc2ccc(-c3nc(OC4CNC4)c4cn[nH]c4n3)cc2)c1	2.8	136213201.0
COc1ccc(F)c(S(=O)(=O)Nc2ccc(-c3nc(OCC(C)C)c4c(N)n[nH]c4n3)cc2)c1	9.1	86268784.0
COc1ccc(F)c(S(=O)(=O)Nc2ccc(-c3nc(OCC(CO)CO)c4c(C)n[nH]c4n3)cc2)c1	2.3	136213336.0
COc1ccc(F)c(S(=O)(=O)Nc2ccc(-c3nc(OCC(F)(F)CN)c4c(C)n[nH]c4n3)cc2)c1	2.7	136213332.0
COc1ccc(F)c(S(=O)(=O)Nc2ccc(-c3nc(OCC(F)(F)F)c4c(N)n[nH]c4n3)cc2)c1	3.0	136213205.0
COc1ccc(F)c(S(=O)(=O)Nc2ccc(-c3nc(OCC4(CN)COC4)c4cn[nH]c4n3)cc2)c1	0.51	136213237.0
COc1ccc(F)c(S(=O)(=O)Nc2ccc(-c3nc(OCC4CNCCO4)c4c(C)n[nH]c4n3)cc2)c1	2.6	136213276.0
COc1ccc(F)c(S(=O)(=O)Nc2ccc(-c3nc(OCC4CNCCO4)c4cn[nH]c4n3)cc2)c1	2.8	136213288.0
COc1ccc(F)c(S(=O)(=O)Nc2ccc(-c3nc(OCCCN)c4cn[nH]c4n3)cc2)c1	1.5	136213224.0
COc1ccc(F)c(S(=O)(=O)Nc2ccc(-c3nc(OCCCO)c4c(C)n[nH]c4n3)cc2)c1	2.8	136213345.0
COc1ccc(F)c(S(=O)(=O)Nc2ccc(-c3nc(O[C@H]4CC[C@H](O)CC4)c4c(C)n[nH]c4n3)cc2)c1	85.75	118720599.0
COc1ccc(F)c(S(=O)(=O)Nc2ccc(-c3ncc4c(N)n[nH]c4n3)cc2)c1	0.51	86269607.0
COc1ccc(N2Cc3cnc(Nc4ccc(F)cc4)nc3N(C3CC[C@@H](O)C3)C2=O)cc1	125000.0	44409932.0
COc1ccc(N2Cc3cnc(Nc4ccccc4)nc3N([C@@H]3CC[C@@H](O)C3)C2=O)cc1	125000.0	9910609.0
COc1ccc(NC(=O)Cc2nc(-c3ccc([N+](=O)[O-])cc3)cs2)cc1	60000.0	2958682.0
COc1ccc(Oc2nc(-c3ccc(NS(=O)(=O)c4cc(C)ccc4C#N)cc3)cc3[nH]nc(C)c23)cn1	17.0	136213543.0
COc1ccc(Oc2nc(-c3ccc(NS(=O)(=O)c4cc(C)ccc4F)cc3)cc3[nH]nc(C)c23)cn1	37.0	136213545.0
COc1ccc(Oc2nc(-c3ccc(NS(=O)(=O)c4cc(Cl)ccc4Cl)cc3)cc3[nH]nc(C)c23)cn1	66.0	136213514.0
COc1ccc(Oc2nc(-c3ccc(NS(=O)(=O)c4cc(Cl)ccc4F)cc3)cc3[nH]nc(C)c23)cn1	23.0	136213525.0
COc1ccc(Oc2nc(-c3ccc(NS(=O)(=O)c4cc(F)ccc4F)cc3)cc3[nH]nc(C)c23)cn1	37.0	136213513.0
COc1ccc(Oc2nc(-c3ccc(NS(=O)(=O)c4ccccc4F)cc3)cc3[nH]nc(C)c23)cn1	37.0	136213515.0
COc1ccccc1CNc1ncc(C(=O)NCCCN2CCCC2=O)c(NC2CCCC2)n1	30000.0	70789756.0
COc1nc(-c2ccc(NS(=O)(=O)c3cc(C)ccc3C#N)cc2)nc2[nH]nc(N)c12	1.5	136213169.0
COc1nc(-c2ccc(NS(=O)(=O)c3cc(C)ccc3C#N)cc2)nc2[nH]ncc12	12.0	136213157.0
COc1nc(-c2ccc(NS(=O)(=O)c3cc(C)ccc3F)cc2)nc2[nH]ncc12	9.75	118720600.0
COc1nc(-c2ccc(NS(=O)(=O)c3cc(Cl)cc(F)c3F)cc2)nc2[nH]ncc12	350.0	136213191.0
COc1nc(-c2ccc(NS(=O)(=O)c3cc(Cl)ccc3C#N)cc2)nc2[nH]nc(N)c12	1.5	86269395.0
COc1nc(-c2ccc(NS(=O)(=O)c3cc(Cl)ccc3C#N)cc2)nc2[nH]ncc12	44.0	136213159.0
COc1nc(-c2ccc(NS(=O)(=O)c3cc(Cl)ccc3Cl)cc2)nc2[nH]nc(N)c12	1.5	136213172.0
COc1nc(-c2ccc(NS(=O)(=O)c3cc(Cl)ccc3Cl)cc2)nc2[nH]ncc12	82.0	136213160.0
COc1nc(-c2ccc(NS(=O)(=O)c3cc(Cl)ccc3F)cc2)nc2[nH]nc(N)c12	1.5	78325028.0
COc1nc(-c2ccc(NS(=O)(=O)c3cc(Cl)ccc3F)cc2)nc2[nH]ncc12	41.0	136213158.0
COc1nc(-c2ccc(NS(=O)(=O)c3cc(F)c(F)cc3Cl)cc2)nc2[nH]ncc12	2100.0	136213194.0
COc1nc(-c2ccc(NS(=O)(=O)c3cc(F)c(F)cc3F)cc2)nc2[nH]ncc12	2200.0	136213192.0
COc1nc(-c2ccc(NS(=O)(=O)c3cccc(Cl)c3C#N)cc2)nc2[nH]ncc12	2100.0	136213190.0
COc1nc(-c2ccc(NS(=O)(=O)c3cccc(Cl)c3F)cc2)nc2[nH]ncc12	23000.0	136213193.0
C[C@@H]1CCC(N2CC[C@]3(CN(C(=O)c4cc5ccc(F)cc5[nH]4)c4ccccc43)C2)CN1	30000.0	57395117.0
C[C@@H]1CCN(C(=O)CC#N)C[C@@H]1N(C)c1ncnc2[nH]ccc12	10000.0	9926791.0
C[C@@H]1C[C@H]1C(=O)N1CCN(c2cnc(C#N)c(-c3cnn(C)c3)n2)C[C@H]1C	100000.0	145704650.0
C[C@@H]1C[C@H]2CN1CCn1[nH]c3c(cccc3c1=O)-c1nc3c(cccc3[nH]c1=O)O2	1000.0	16046126.0
Cc1c(C(=O)N2CCOc3ccc(-c4ccc(N)nc4)cc3C2)ccc(S(C)(=O)=O)c1F	10000.0	59604787.0
Cc1cc(/C=C/CCN2CCCC3(CCNCC3)C2)ccc1Cc1c(O[C@@H]2O[C@H](CO)[C@@H](O)[C@H](O)[C@H]2O)n[nH]c1C(C)C	10.0	124201803.0
Cc1cc(C#N)cc(S(=O)(=O)Nc2ccc(-c3ncc4c(N)n[nH]c4n3)cc2)c1	140.0	136213381.0
Cc1ccc(-n2nc(C(C)(C)C)cc2NC(=O)Nc2ccc(OCCN3CCOCC3)c3ccccc23)cc1	30000.0	156422.0
Cc1ccc(C#N)c(S(=O)(=O)Nc2ccc(-c3cc4[nH]nc(C)c4c(OC4CC(C)(C)N(C)C(C)(C)C4)n3)cc2)c1	5.4	136213536.0
Cc1ccc(C#N)c(S(=O)(=O)Nc2ccc(-c3cc4[nH]nc(C)c4c(OC4CC(C)(C)NC(C)(C)C4)n3)cc2)c1	4.0	136213538.0
Cc1ccc(C#N)c(S(=O)(=O)Nc2ccc(-c3cc4[nH]nc(C)c4c(OC4CCN(C5CC5)CC4)n3)cc2)c1	1.3	136213479.0
Cc1ccc(C#N)c(S(=O)(=O)Nc2ccc(-c3cc4[nH]nc(C)c4c(Oc4ccc(N)nc4)n3)cc2)c1	2.6	136213576.0
Cc1ccc(C#N)c(S(=O)(=O)Nc2ccc(-c3cc4[nH]nc(C)c4c(Oc4ccc(O)nc4)n3)cc2)c1	4.0	136213495.0
Cc1ccc(C#N)c(S(=O)(=O)Nc2ccc(-c3cc4[nH]nc(C)c4c(Oc4ccnc(O)c4)n3)cc2)c1	2.9	136213548.0
Cc1ccc(C#N)c(S(=O)(=O)Nc2ccc(-c3cc4[nH]nc(C)c4cn3)cc2)c1	7.8	90421600.0
Cc1ccc(C#N)c(S(=O)(=O)Nc2ccc(-c3cc4[nH]nc(N)c4c(C(F)(F)F)n3)cc2)c1	1.7	136213462.0
Cc1ccc(C#N)c(S(=O)(=O)Nc2ccc(-c3cc4[nH]nc(N)c4cn3)cc2)c1	4.1	90421641.0
Cc1ccc(C#N)c(S(=O)(=O)Nc2ccc(-c3cnc4c(C)n[nH]c4n3)cc2)c1	3.0	71537834.0
Cc1ccc(C#N)c(S(=O)(=O)Nc2ccc(-c3cnc4c(N)n[nH]c4n3)cc2)c1	32.0	71537837.0
Cc1ccc(C#N)c(S(=O)(=O)Nc2ccc(-c3nc(C)c4c(N)n[nH]c4n3)cc2)c1	1.5	136213394.0
Cc1ccc(C#N)c(S(=O)(=O)Nc2ccc(-c3nc(C4CC4)c4cn[nH]c4n3)cc2)c1	4.1	136213165.0
Cc1ccc(C#N)c(S(=O)(=O)Nc2ccc(-c3nc(C4CCC(O)C4)c4c(C)n[nH]c4n3)cc2)c1	2.0	136213122.0
Cc1ccc(C#N)c(S(=O)(=O)Nc2ccc(-c3nc(CCCCl)c4cn[nH]c4n3)cc2)c1	47.0	136213166.0
Cc1ccc(C#N)c(S(=O)(=O)Nc2ccc(-c3nc(NC4CCC(O)CC4)c4c(C)n[nH]c4n3)cc2)c1	1.7	136213123.0
Cc1ccc(C#N)c(S(=O)(=O)Nc2ccc(-c3nc(NC4CCCC(O)C4)c4c(C)n[nH]c4n3)cc2)c1	1.4	136213124.0
Cc1ccc(C#N)c(S(=O)(=O)Nc2ccc(-c3nc(NCC(F)(F)F)c4c(C)n[nH]c4n3)cc2)c1	5.7	136213342.0
Cc1ccc(C#N)c(S(=O)(=O)Nc2ccc(-c3nc(OC4CCC(O)CC4)c4c(C)n[nH]c4n3)cc2)c1	1.5	136213121.0
Cc1ccc(C#N)c(S(=O)(=O)Nc2ccc(-c3nc(OC4CCC(O)CC4)c4cn[nH]c4n3)cc2)c1	1.5	90421129.0
Cc1ccc(C#N)c(S(=O)(=O)Nc2ccc(-c3nc(OC4CCCNC4)c4c(C)n[nH]c4n3)cc2)c1	3.7	136213298.0
Cc1ccc(C#N)c(S(=O)(=O)Nc2ccc(-c3nc(OC4CCN(C(C)C)CC4)c4c(C)n[nH]c4n3)cc2)c1	4.9	136213318.0
Cc1ccc(C#N)c(S(=O)(=O)Nc2ccc(-c3nc(OC4CCN(C)CC4)c4cn[nH]c4n3)cc2)c1	4.5	136213292.0
Cc1ccc(C#N)c(S(=O)(=O)Nc2ccc(-c3nc(OC4CCN(CC(F)(F)F)CC4)c4c(C)n[nH]c4n3)cc2)c1	87.0	136213353.0
Cc1ccc(C#N)c(S(=O)(=O)Nc2ccc(-c3nc(OC4CCN(CCF)CC4)c4c(C)n[nH]c4n3)cc2)c1	4.05	136213313.0
Cc1ccc(C#N)c(S(=O)(=O)Nc2ccc(-c3nc(OC4CCNCC4(F)F)c4c(C)n[nH]c4n3)cc2)c1	1.3	136213262.0
Cc1ccc(C#N)c(S(=O)(=O)Nc2ccc(-c3nc(OC4CCNCC4(F)F)c4cn[nH]c4n3)cc2)c1	4.1	136213251.0
Cc1ccc(C#N)c(S(=O)(=O)Nc2ccc(-c3nc(OC4CCNCC4)c4cn[nH]c4n3)cc2)c1	2.5	136213231.0
Cc1ccc(C#N)c(S(=O)(=O)Nc2ccc(-c3nc(OC4CCNCC4F)c4c(C)n[nH]c4n3)cc2)c1	1.1	136213281.0
Cc1ccc(C#N)c(S(=O)(=O)Nc2ccc(-c3nc(OC4CNC4)c4cn[nH]c4n3)cc2)c1	3.4	136213198.0
Cc1ccc(C#N)c(S(=O)(=O)Nc2ccc(-c3nc(OC4C[C@@H](O)C[C@@H](O)C4)c4cn[nH]c4n3)cc2)c1	1.5	136213145.0
Cc1ccc(C#N)c(S(=O)(=O)Nc2ccc(-c3nc(OCC(C)C)c4c(N)n[nH]c4n3)cc2)c1	14.0	136213307.0
Cc1ccc(C#N)c(S(=O)(=O)Nc2ccc(-c3nc(OCC(CO)CO)c4c(C)n[nH]c4n3)cc2)c1	3.9	136213338.0
Cc1ccc(C#N)c(S(=O)(=O)Nc2ccc(-c3nc(OCC(F)(F)F)c4c(N)n[nH]c4n3)cc2)c1	2.0	86269606.0
Cc1ccc(C#N)c(S(=O)(=O)Nc2ccc(-c3nc(OCC4(CN)COC4)c4cn[nH]c4n3)cc2)c1	16.0	136213240.0
Cc1ccc(C#N)c(S(=O)(=O)Nc2ccc(-c3nc(OCC4CNC(=O)C4)c4cn[nH]c4n3)cc2)c1	2.0	136213149.0
Cc1ccc(C#N)c(S(=O)(=O)Nc2ccc(-c3nc(OCC4CNC4)c4cn[nH]c4n3)cc2)c1	1.5	136213176.0
Cc1ccc(C#N)c(S(=O)(=O)Nc2ccc(-c3nc(OCC4CNCCO4)c4c(C)n[nH]c4n3)cc2)c1	3.2	136213274.0
Cc1ccc(C#N)c(S(=O)(=O)Nc2ccc(-c3nc(OCC4CNCCO4)c4cn[nH]c4n3)cc2)c1	7.9	136213293.0
Cc1ccc(C#N)c(S(=O)(=O)Nc2ccc(-c3nc(OCC4O[C@H](O)[C@H](O)[C@@H](O)[C@@H]4O)c4cn[nH]c4n3)cc2)c1	24.0	136213148.0
Cc1ccc(C#N)c(S(=O)(=O)Nc2ccc(-c3nc(OCCC(N)=O)c4cn[nH]c4n3)cc2)c1	2.5	136213143.0
Cc1ccc(C#N)c(S(=O)(=O)Nc2ccc(-c3nc(OCCCN)c4c(C)n[nH]c4n3)cc2)c1	6.4	136213219.0
Cc1ccc(C#N)c(S(=O)(=O)Nc2ccc(-c3nc(OCCCO)c4c(C)n[nH]c4n3)cc2)c1	12.0	136213346.0
Cc1ccc(C#N)c(S(=O)(=O)Nc2ccc(-c3ncc4c(C)n[nH]c4n3)cc2)c1	2400.0	136213118.0
Cc1ccc(C#N)c(S(=O)(=O)Nc2ccc(-c3ncc4c(N)n[nH]c4n3)cc2)c1	1.6	136213380.0
Cc1ccc(C#N)cc1S(=O)(=O)Nc1ccc(-c2cc3[nH]ncc3cn2)cc1	1400.0	90421293.0
Cc1ccc(C#N)cc1S(=O)(=O)Nc1ccc(-c2ccc3c(N)n[nH]c3c2)cc1	1008.0	118721261.0
Cc1ccc(C#N)cc1S(=O)(=O)Nc1ccc(-c2nc(C)c3c(N)n[nH]c3n2)cc1	32.0	136213399.0
Cc1ccc(C#N)cc1S(=O)(=O)Nc1ccc(-c2nc(C)c3cn[nH]c3n2)cc1	65.0	136213418.0
Cc1ccc(C(=O)NC2CC2)cc1-c1ccc(C(=O)NCC2CC2)cc1	33000.0	24856363.0
Cc1ccc(C(=O)NC2CC2)cc1-c1ccc2c(=O)n(CC3CC3)nnc2c1	32000.0	44580532.0
Cc1ccc(C(=O)NC2CC2)cc1-c1ccc2c(C3CCNCC3)noc2c1	33000.0	9864418.0
Cc1ccc(C(=O)NC2CC2)cc1-c1ccc2ccncc2c1	33000.0	44580649.0
Cc1ccc(C(=O)Nc2cccc(N3CCOCC3)c2)cc1-c1ccc2c(C3CCNCC3)noc2c1	33000.0	9983303.0
Cc1ccc(Cl)c(S(=O)(=O)Nc2ccc(-c3cc4[nH]nc(C)c4c(OC4CC(C)(C)NC(C)(C)C4)n3)cc2)c1	3.9	136213539.0
Cc1ccc(Cl)c(S(=O)(=O)Nc2ccc(-c3nc(C4CC4)c4cn[nH]c4n3)cc2)c1	1.2	136213162.0
Cc1ccc(Cl)c(S(=O)(=O)Nc2ccc(-c3nc(OC4CCN(C)CC4)c4cn[nH]c4n3)cc2)c1	4.5	136213269.0
Cc1ccc(Cl)c(S(=O)(=O)Nc2ccc(-c3nc(OC4CCN(CC(F)(F)F)CC4)c4c(C)n[nH]c4n3)cc2)c1	240.0	136213350.0
Cc1ccc(F)c(S(=O)(=O)Nc2ccc(-c3cc4[nH]nc(C)c4c(OC4CC(C)(C)N(C)C(C)(C)C4)n3)cc2)c1	4.1	136213522.0
Cc1ccc(F)c(S(=O)(=O)Nc2ccc(-c3cc4[nH]nc(C)c4c(OCC4CN(C(C)C)C4)n3)cc2)c1	0.5	136213482.0
Cc1ccc(F)c(S(=O)(=O)Nc2ccc(-c3cc4[nH]nc(C)c4c(OCCC(=O)N(C)C)n3)cc2)c1	11.0	136213577.0
Cc1ccc(F)c(S(=O)(=O)Nc2ccc(-c3cc4[nH]nc(C)c4c(Oc4ccc(N(C)C)nc4)n3)cc2)c1	29.0	136213584.0
Cc1ccc(F)c(S(=O)(=O)Nc2ccc(-c3cc4[nH]nc(C)c4c(Oc4ccc(N)nc4)n3)cc2)c1	3.0	136213574.0
Cc1ccc(F)c(S(=O)(=O)Nc2ccc(-c3cc4[nH]nc(C)c4c(Oc4ccc(O)nc4)n3)cc2)c1	2.1	136213493.0
Cc1ccc(F)c(S(=O)(=O)Nc2ccc(-c3cc4[nH]nc(C)c4c(Oc4ccnc(O)c4)n3)cc2)c1	1.9	136213547.0
Cc1ccc(F)c(S(=O)(=O)Nc2ccc(-c3cc4[nH]nc(N)c4c(C(F)(F)F)n3)cc2)c1	2.7	136213473.0
Cc1ccc(F)c(S(=O)(=O)Nc2ccc(-c3cnc4c(C)n[nH]c4n3)cc2)c1	2.0	71537835.0
Cc1ccc(F)c(S(=O)(=O)Nc2ccc(-c3cnc4c(N)n[nH]c4n3)cc2)c1	20.5	71537839.0
Cc1ccc(F)c(S(=O)(=O)Nc2ccc(-c3nc(C)c4c(N)n[nH]c4n3)cc2)c1	1.5	136213398.0
Cc1ccc(F)c(S(=O)(=O)Nc2ccc(-c3nc(C4CC4)c4c(N)n[nH]c4n3)cc2)c1	1.5	136213411.0
Cc1ccc(F)c(S(=O)(=O)Nc2ccc(-c3nc(C4CC4)c4cn[nH]c4n3)cc2)c1	78.25	118720601.0
Cc1ccc(F)c(S(=O)(=O)Nc2ccc(-c3nc(N4CC(CO)C4)c4cn[nH]c4n3)cc2)c1	16.0	136213134.0
Cc1ccc(F)c(S(=O)(=O)Nc2ccc(-c3nc(NCC(F)(F)F)c4c(C)n[nH]c4n3)cc2)c1	4.6	136213341.0
Cc1ccc(F)c(S(=O)(=O)Nc2ccc(-c3nc(O)c4cn[nH]c4n3)cc2)c1	25.0	136213133.0
Cc1ccc(F)c(S(=O)(=O)Nc2ccc(-c3nc(OC4CCC(O)CC4)c4c(C)n[nH]c4n3)cc2)c1	2.1	136213126.0
Cc1ccc(F)c(S(=O)(=O)Nc2ccc(-c3nc(OC4CCC(O)CC4)c4cn[nH]c4n3)cc2)c1	2.1	136213117.0
Cc1ccc(F)c(S(=O)(=O)Nc2ccc(-c3nc(OC4CCCNC4)c4c(C)n[nH]c4n3)cc2)c1	1.6	136213311.0
Cc1ccc(F)c(S(=O)(=O)Nc2ccc(-c3nc(OC4CCCNC4)c4cn[nH]c4n3)cc2)c1	1.2	136213266.0
Cc1ccc(F)c(S(=O)(=O)Nc2ccc(-c3nc(OC4CCN(C(C)C)CC4)c4c(C)n[nH]c4n3)cc2)c1	3.8	136213321.0
Cc1ccc(F)c(S(=O)(=O)Nc2ccc(-c3nc(OC4CCNCC4(F)F)c4c(C)n[nH]c4n3)cc2)c1	1.1	136213255.0
Cc1ccc(F)c(S(=O)(=O)Nc2ccc(-c3nc(OC4CCNCC4(F)F)c4cn[nH]c4n3)cc2)c1	3.4	136213245.0
Cc1ccc(F)c(S(=O)(=O)Nc2ccc(-c3nc(OC4CCNCC4)c4cn[nH]c4n3)cc2)c1	1.5	136213226.0
Cc1ccc(F)c(S(=O)(=O)Nc2ccc(-c3nc(OC4CCNCC4F)c4c(C)n[nH]c4n3)cc2)c1	2.3	136213279.0
Cc1ccc(F)c(S(=O)(=O)Nc2ccc(-c3nc(OC4C[C@@H](O)C[C@@H](O)C4)c4cn[nH]c4n3)cc2)c1	1.5	136213144.0
Cc1ccc(F)c(S(=O)(=O)Nc2ccc(-c3nc(OCC(C)C)c4c(N)n[nH]c4n3)cc2)c1	11.0	136213295.0
Cc1ccc(F)c(S(=O)(=O)Nc2ccc(-c3nc(OCC(CO)CO)c4c(C)n[nH]c4n3)cc2)c1	1.8	136213328.0
Cc1ccc(F)c(S(=O)(=O)Nc2ccc(-c3nc(OCC(F)(F)CN)c4c(C)n[nH]c4n3)cc2)c1	6.5	136213331.0
Cc1ccc(F)c(S(=O)(=O)Nc2ccc(-c3nc(OCC(F)(F)F)c4cn[nH]c4n3)cc2)c1	7.4	136213177.0
Cc1ccc(F)c(S(=O)(=O)Nc2ccc(-c3nc(OCC4(CN)COC4)c4cn[nH]c4n3)cc2)c1	5.2	136213234.0
Cc1ccc(F)c(S(=O)(=O)Nc2ccc(-c3nc(OCC4CNC(=O)C4)c4cn[nH]c4n3)cc2)c1	2.5	136213132.0
Cc1ccc(F)c(S(=O)(=O)Nc2ccc(-c3nc(OCC4CNCCO4)c4c(C)n[nH]c4n3)cc2)c1	2.3	86268787.0
Cc1ccc(F)c(S(=O)(=O)Nc2ccc(-c3nc(OCC4CNCCO4)c4cn[nH]c4n3)cc2)c1	6.2	118720602.0
Cc1ccc(F)c(S(=O)(=O)Nc2ccc(-c3nc(OCC4O[C@H](O)[C@H](O)[C@@H](O)[C@@H]4O)c4cn[nH]c4n3)cc2)c1	9.9	136213147.0
Cc1ccc(F)c(S(=O)(=O)Nc2ccc(-c3nc(OCCC(N)=O)c4cn[nH]c4n3)cc2)c1	1.5	136213141.0
Cc1ccc(F)c(S(=O)(=O)Nc2ccc(-c3nc(OCCCC(N)=O)c4cn[nH]c4n3)cc2)c1	3.3	136213137.0
Cc1ccc(F)c(S(=O)(=O)Nc2ccc(-c3nc(OCCCN)c4c(C)n[nH]c4n3)cc2)c1	1.5	136213214.0
Cc1ccc(F)c(S(=O)(=O)Nc2ccc(-c3nc(OCCCN)c4cn[nH]c4n3)cc2)c1	1.5	136213211.0
Cc1ccc(F)c(S(=O)(=O)Nc2ccc(-c3nc(OCCCO)c4c(C)n[nH]c4n3)cc2)c1	5.3	136213343.0
Cc1ccc(F)c(S(=O)(=O)Nc2ccc(-c3nc(OCc4cn[nH]c4)c4cn[nH]c4n3)cc2)c1	1.5	136213146.0
Cc1ccc(F)c(S(=O)(=O)Nc2ccc(-c3ncc4c(C)n[nH]c4n3)cc2)c1	1.5	136213120.0
Cc1ccc(F)c(S(=O)(=O)Nc2ccc(-c3ncc4c(N)n[nH]c4n3)cc2)c1	1.5	136213382.0
Cc1ccc(NC(=O)c2ccc(CN3CCN(C)CC3)cc2)cc1-c1ccc(-c2csc(N)n2)cc1	33000.0	44580358.0
Cc1ccc(NC(=O)c2ccc(CN3CCN(C)CC3)cc2)cc1-c1ccc2c(N)noc2c1	33000.0	44580778.0
Cc1ccc(NC(=O)c2ccc(CN3CCN(C)CC3)cc2)cc1-c1ccc2ccncc2c1	33000.0	44580689.0
Cc1ccc(NC(=O)c2ccnc(N3CCCC3)c2)cc1-c1ccc2c(C3CCNCC3)noc2c1	33000.0	44580077.0
Cc1n[nH]c(C)c1S(=O)(=O)Nc1ccc(-c2ccc3c(N)n[nH]c3c2)cc1	13200.0	118721252.0
Cc1n[nH]c2cc(-c3ccc(NS(=O)(=O)c4cc(Cl)c(F)cc4F)cc3)nc(OC3CCN(C4CCC4)CC3)c12	2.8	136213527.0
Cc1n[nH]c2cc(-c3ccc(NS(=O)(=O)c4cc(Cl)ccc4C#N)cc3)ncc12	15.0	90421556.0
Cc1n[nH]c2cc(-c3ccc(NS(=O)(=O)c4cc(Cl)ccc4Cl)cc3)nc(OC3CC(C)(C)N(C)C(C)(C)C3)c12	3.9	136213511.0
Cc1n[nH]c2cc(-c3ccc(NS(=O)(=O)c4cc(Cl)ccc4Cl)cc3)nc(OC3CC(C)(C)NC(C)(C)C3)c12	1.8	136213520.0
Cc1n[nH]c2cc(-c3ccc(NS(=O)(=O)c4cc(Cl)ccc4Cl)cc3)nc(OC3CCC(=O)CC3)c12	7.1	136213541.0
Cc1n[nH]c2cc(-c3ccc(NS(=O)(=O)c4cc(Cl)ccc4Cl)cc3)nc(OC3CCN(C4CCC4)CC3)c12	3.5	136213526.0
Cc1n[nH]c2cc(-c3ccc(NS(=O)(=O)c4cc(Cl)ccc4Cl)cc3)nc(OC3CCOCC3)c12	7.3	136213508.0
Cc1n[nH]c2cc(-c3ccc(NS(=O)(=O)c4cc(Cl)ccc4Cl)cc3)nc(OCC3CN(C(C)C)C3)c12	5.4	136213483.0
Cc1n[nH]c2cc(-c3ccc(NS(=O)(=O)c4cc(Cl)ccc4Cl)cc3)nc(OCCC(=O)N(C)C)c12	14.0	136213581.0
Cc1n[nH]c2cc(-c3ccc(NS(=O)(=O)c4cc(Cl)ccc4Cl)cc3)nc(Oc3ccc(N(C)C)nc3)c12	60.0	136213587.0
Cc1n[nH]c2cc(-c3ccc(NS(=O)(=O)c4cc(Cl)ccc4Cl)cc3)nc(Oc3ccc(N)nc3)c12	6.0	136213575.0
Cc1n[nH]c2cc(-c3ccc(NS(=O)(=O)c4cc(Cl)ccc4Cl)cc3)nc(Oc3ccc(O)nc3)c12	2.3	136213494.0
Cc1n[nH]c2cc(-c3ccc(NS(=O)(=O)c4cc(Cl)ccc4F)cc3)nc(OC3CC(C)(C)N(C)C(C)(C)C3)c12	2.4	136213509.0
Cc1n[nH]c2cc(-c3ccc(NS(=O)(=O)c4cc(Cl)ccc4F)cc3)nc(OC3CC(C)(C)NC(C)(C)C3)c12	2.9	136213517.0
Cc1n[nH]c2cc(-c3ccc(NS(=O)(=O)c4cc(Cl)ccc4F)cc3)nc(OC3CCC(=O)CC3)c12	4.9	136213540.0
Cc1n[nH]c2cc(-c3ccc(NS(=O)(=O)c4cc(Cl)ccc4F)cc3)nc(OC3CCN(C4CCC4)CC3)c12	2.9	136213528.0
Cc1n[nH]c2cc(-c3ccc(NS(=O)(=O)c4cc(Cl)ccc4F)cc3)nc(OC3CCOCC3)c12	4.6	136213506.0
Cc1n[nH]c2cc(-c3ccc(NS(=O)(=O)c4cc(Cl)ccc4F)cc3)nc(OCC3CN(C(C)C)C3)c12	5.2	136213480.0
Cc1n[nH]c2cc(-c3ccc(NS(=O)(=O)c4cc(Cl)ccc4F)cc3)nc(OCCC(=O)N(C)C)c12	15.0	136213578.0
Cc1n[nH]c2cc(-c3ccc(NS(=O)(=O)c4cc(Cl)ccc4F)cc3)nc(Oc3ccc(N(C)C)nc3)c12	25.0	136213585.0
Cc1n[nH]c2cc(-c3ccc(NS(=O)(=O)c4cc(Cl)ccc4F)cc3)nc(Oc3ccc(N)nc3)c12	4.4	136213570.0
Cc1n[nH]c2cc(-c3ccc(NS(=O)(=O)c4cc(Cl)ccc4F)cc3)nc(Oc3ccc(O)nc3)c12	2.1	136213490.0
Cc1n[nH]c2cc(-c3ccc(NS(=O)(=O)c4cc(F)c(F)cc4Cl)cc3)nc(OC3CCN(C4CCC4)CC3)c12	5.4	136213531.0
Cc1n[nH]c2cc(-c3ccc(NS(=O)(=O)c4cc(F)c(F)cc4F)cc3)nc(OC3CCN(C4CCC4)CC3)c12	6.9	136213530.0
Cc1n[nH]c2cc(-c3ccc(NS(=O)(=O)c4cc(F)cc(F)c4Cl)cc3)nc(OC3CCN(C4CCC4)CC3)c12	11.0	136213529.0
Cc1n[nH]c2cc(-c3ccc(NS(=O)(=O)c4cc(F)ccc4F)cc3)nc(OC3CC(C)(C)N(C)C(C)(C)C3)c12	3.5	136213512.0
Cc1n[nH]c2cc(-c3ccc(NS(=O)(=O)c4cc(F)ccc4F)cc3)nc(OC3CC(C)(C)NC(C)(C)C3)c12	5.0	136213535.0
Cc1n[nH]c2cc(-c3ccc(NS(=O)(=O)c4cc(F)ccc4F)cc3)nc(OC3CCOCC3)c12	6.0	136213516.0
Cc1n[nH]c2cc(-c3ccc(NS(=O)(=O)c4cc(F)ccc4F)cc3)nc(OCC3CN(C(C)C)C3)c12	2.0	136213485.0
Cc1n[nH]c2cc(-c3ccc(NS(=O)(=O)c4cc(F)ccc4F)cc3)nc(OCCC(=O)N(C)C)c12	33.0	136213582.0
Cc1n[nH]c2cc(-c3ccc(NS(=O)(=O)c4cc(F)ccc4F)cc3)nc(Oc3ccc(N(C)C)nc3)c12	26.0	136213588.0
Cc1n[nH]c2cc(-c3ccc(NS(=O)(=O)c4cc(F)ccc4F)cc3)nc(Oc3ccc(N)nc3)c12	7.3	136213573.0
Cc1n[nH]c2cc(-c3ccc(NS(=O)(=O)c4cc(F)ccc4F)cc3)nc(Oc3ccc(O)nc3)c12	5.6	136213496.0
Cc1n[nH]c2cc(-c3ccc(NS(=O)(=O)c4ccccc4F)cc3)nc(OC3CC(C)(C)N(C)C(C)(C)C3)c12	3.5	136213510.0
Cc1n[nH]c2cc(-c3ccc(NS(=O)(=O)c4ccccc4F)cc3)nc(OC3CC(C)(C)NC(C)(C)C3)c12	5.5	136213518.0
Cc1n[nH]c2cc(-c3ccc(NS(=O)(=O)c4ccccc4F)cc3)nc(OC3CCN(C4CC4)CC3)c12	2.5	136213478.0
Cc1n[nH]c2cc(-c3ccc(NS(=O)(=O)c4ccccc4F)cc3)nc(OC3CCOCC3)c12	12.0	136213507.0
Cc1n[nH]c2cc(-c3ccc(NS(=O)(=O)c4ccccc4F)cc3)nc(OCC3CN(C(C)C)C3)c12	2.5	136213484.0
Cc1n[nH]c2cc(-c3ccc(NS(=O)(=O)c4ccccc4F)cc3)nc(OCCC(=O)N(C)C)c12	92.0	136213579.0
Cc1n[nH]c2cc(-c3ccc(NS(=O)(=O)c4ccccc4F)cc3)nc(Oc3ccc(N(C)C)nc3)c12	45.0	136213586.0
Cc1n[nH]c2cc(-c3ccc(NS(=O)(=O)c4ccccc4F)cc3)nc(Oc3ccc(N)nc3)c12	5.9	136213571.0
Cc1n[nH]c2cc(-c3ccc(NS(=O)(=O)c4ccccc4F)cc3)nc(Oc3ccc(O)nc3)c12	5.5	136213491.0
Cc1n[nH]c2cc(-c3ccc(NS(=O)(=O)c4ccccc4F)cc3)nc(Oc3ccnc(O)c3)c12	5.1	136213546.0
Cc1n[nH]c2nc(-c3ccc(NS(=O)(=O)c4cc(C#N)ccc4F)cc3)nc(OC3CCC(O)CC3)c12	2.7	136213152.0
Cc1n[nH]c2nc(-c3ccc(NS(=O)(=O)c4cc(Cl)c(F)cc4F)cc3)ncc12	1.8	90421616.0
Cc1n[nH]c2nc(-c3ccc(NS(=O)(=O)c4cc(Cl)ccc4C#N)cc3)cnc12	3.0	71537545.0
Cc1n[nH]c2nc(-c3ccc(NS(=O)(=O)c4cc(Cl)ccc4C#N)cc3)nc(NC3CCCC(O)C3)c12	1.1	136213125.0
Cc1n[nH]c2nc(-c3ccc(NS(=O)(=O)c4cc(Cl)ccc4C#N)cc3)nc(OC3CCNCC3(F)F)c12	2.8	136213261.0
Cc1n[nH]c2nc(-c3ccc(NS(=O)(=O)c4cc(Cl)ccc4C#N)cc3)nc(OC3CCNCC3F)c12	3.3	136213280.0
Cc1n[nH]c2nc(-c3ccc(NS(=O)(=O)c4cc(Cl)ccc4C#N)cc3)nc(OCC(C)C)c12	110.0	136213322.0
Cc1n[nH]c2nc(-c3ccc(NS(=O)(=O)c4cc(Cl)ccc4C#N)cc3)nc(OCCCN)c12	1.5	136213225.0
Cc1n[nH]c2nc(-c3ccc(NS(=O)(=O)c4cc(Cl)ccc4Cl)c(F)c3)ncc12	1.8	136213369.0
Cc1n[nH]c2nc(-c3ccc(NS(=O)(=O)c4cc(Cl)ccc4Cl)cc3)cnc12	2.0	71537542.0
Cc1n[nH]c2nc(-c3ccc(NS(=O)(=O)c4cc(Cl)ccc4Cl)cc3)nc(N3CCC4(COC4)C3)c12	12.0	90421583.0
Cc1n[nH]c2nc(-c3ccc(NS(=O)(=O)c4cc(Cl)ccc4Cl)cc3)nc(NCC(F)(F)F)c12	29.5	136213339.0
Cc1n[nH]c2nc(-c3ccc(NS(=O)(=O)c4cc(Cl)ccc4Cl)cc3)nc(OC3CCC(O)CC3)c12	69.0	136213220.0
Cc1n[nH]c2nc(-c3ccc(NS(=O)(=O)c4cc(Cl)ccc4Cl)cc3)nc(OC3CCCNC3)c12	2.6	86268572.0
Cc1n[nH]c2nc(-c3ccc(NS(=O)(=O)c4cc(Cl)ccc4Cl)cc3)nc(OC3CCN(C(C)C)CC3)c12	3.8	136213319.0
Cc1n[nH]c2nc(-c3ccc(NS(=O)(=O)c4cc(Cl)ccc4Cl)cc3)nc(OC3CCN(CC(F)(F)F)CC3)c12	270.0	136213351.0
Cc1n[nH]c2nc(-c3ccc(NS(=O)(=O)c4cc(Cl)ccc4Cl)cc3)nc(OC3CCN(CCF)CC3)c12	6.0	136213315.0
Cc1n[nH]c2nc(-c3ccc(NS(=O)(=O)c4cc(Cl)ccc4Cl)cc3)nc(OC3CCNCC3(F)F)c12	2.9	136213263.0
Cc1n[nH]c2nc(-c3ccc(NS(=O)(=O)c4cc(Cl)ccc4Cl)cc3)nc(OC3CCNCC3F)c12	2.2	136213283.0
Cc1n[nH]c2nc(-c3ccc(NS(=O)(=O)c4cc(Cl)ccc4Cl)cc3)nc(OCC(CO)CO)c12	2.1	136213335.0
Cc1n[nH]c2nc(-c3ccc(NS(=O)(=O)c4cc(Cl)ccc4Cl)cc3)nc(OCC3CNCCO3)c12	2.0	136213291.0
Cc1n[nH]c2nc(-c3ccc(NS(=O)(=O)c4cc(Cl)ccc4Cl)cc3)nc(OCCCN)c12	1.5	136213216.0
Cc1n[nH]c2nc(-c3ccc(NS(=O)(=O)c4cc(Cl)ccc4Cl)cc3)nc(OCCCO)c12	62.9	136213344.0
Cc1n[nH]c2nc(-c3ccc(NS(=O)(=O)c4cc(Cl)ccc4Cl)cc3)ncc12	1.2	90421822.0
Cc1n[nH]c2nc(-c3ccc(NS(=O)(=O)c4cc(Cl)ccc4F)cc3)cnc12	4.0	71537544.0
Cc1n[nH]c2nc(-c3ccc(NS(=O)(=O)c4cc(Cl)ccc4F)cc3)nc(NCC(F)(F)F)c12	6.1	136213340.0
Cc1n[nH]c2nc(-c3ccc(NS(=O)(=O)c4cc(Cl)ccc4F)cc3)nc(OC3CC(C)(C)N(C)C(C)(C)C3)c12	2.5	166630027.0
Cc1n[nH]c2nc(-c3ccc(NS(=O)(=O)c4cc(Cl)ccc4F)cc3)nc(OC3CC(C)(C)NC(C)(C)C3)c12	3.5	166628675.0
Cc1n[nH]c2nc(-c3ccc(NS(=O)(=O)c4cc(Cl)ccc4F)cc3)nc(OC3CCC(=O)CC3)c12	11.5	166627469.0
Cc1n[nH]c2nc(-c3ccc(NS(=O)(=O)c4cc(Cl)ccc4F)cc3)nc(OC3CCC(O)CC3)c12	2.0	136213221.0
Cc1n[nH]c2nc(-c3ccc(NS(=O)(=O)c4cc(Cl)ccc4F)cc3)nc(OC3CCCNC3)c12	1.0	136213312.0
Cc1n[nH]c2nc(-c3ccc(NS(=O)(=O)c4cc(Cl)ccc4F)cc3)nc(OC3CCN(C(C)C)CC3)c12	3.1	86268788.0
Cc1n[nH]c2nc(-c3ccc(NS(=O)(=O)c4cc(Cl)ccc4F)cc3)nc(OC3CCN(C4CC4)CC3)c12	3.0	86270186.0
Cc1n[nH]c2nc(-c3ccc(NS(=O)(=O)c4cc(Cl)ccc4F)cc3)nc(OC3CCN(CC(F)(F)F)CC3)c12	265.0	136213348.0
Cc1n[nH]c2nc(-c3ccc(NS(=O)(=O)c4cc(Cl)ccc4F)cc3)nc(OC3CCNCC3(F)F)c12	1.0	136213258.0
Cc1n[nH]c2nc(-c3ccc(NS(=O)(=O)c4cc(Cl)ccc4F)cc3)nc(OC3CCNCC3)c12	1.0	164580949.0
Cc1n[nH]c2nc(-c3ccc(NS(=O)(=O)c4cc(Cl)ccc4F)cc3)nc(OC3CCNCC3F)c12	1.0	166625320.0
Cc1n[nH]c2nc(-c3ccc(NS(=O)(=O)c4cc(Cl)ccc4F)cc3)nc(OC3CCOCC3)c12	9.5	166631921.0
Cc1n[nH]c2nc(-c3ccc(NS(=O)(=O)c4cc(Cl)ccc4F)cc3)nc(OCC(CO)CO)c12	2.0	136213326.0
Cc1n[nH]c2nc(-c3ccc(NS(=O)(=O)c4cc(Cl)ccc4F)cc3)nc(OCC(F)(F)CN)c12	5.0	136213334.0
Cc1n[nH]c2nc(-c3ccc(NS(=O)(=O)c4cc(Cl)ccc4F)cc3)nc(OCC3(CN)COC3)c12	1.0	166636574.0
Cc1n[nH]c2nc(-c3ccc(NS(=O)(=O)c4cc(Cl)ccc4F)cc3)nc(OCC3CN(C(C)C)C3)c12	1.0	166631991.0
Cc1n[nH]c2nc(-c3ccc(NS(=O)(=O)c4cc(Cl)ccc4F)cc3)nc(OCC3CNCCO3)c12	2.0	136213272.0
Cc1n[nH]c2nc(-c3ccc(NS(=O)(=O)c4cc(Cl)ccc4F)cc3)nc(OCCC(=O)N(C)C)c12	226.5	166626705.0
Cc1n[nH]c2nc(-c3ccc(NS(=O)(=O)c4cc(Cl)ccc4F)cc3)nc(OCCCN)c12	2.0	86269609.0
Cc1n[nH]c2nc(-c3ccc(NS(=O)(=O)c4cc(Cl)ccc4F)cc3)nc(OCCCO)c12	9.6	86268990.0
Cc1n[nH]c2nc(-c3ccc(NS(=O)(=O)c4cc(Cl)ccc4F)cc3)nc(Oc3ccc(N)nc3)c12	7.5	166627883.0
Cc1n[nH]c2nc(-c3ccc(NS(=O)(=O)c4cc(Cl)ccc4F)cc3)nc(Oc3ccc(O)nc3)c12	3.0	86269996.0
Cc1n[nH]c2nc(-c3ccc(NS(=O)(=O)c4cc(Cl)ccc4F)cc3)ncc12	1.2	136213052.0
Cc1n[nH]c2nc(-c3ccc(NS(=O)(=O)c4cc(F)ccc4C#N)cc3)nc(OC3CCC(O)CC3)c12	4.9	136213154.0
Cc1n[nH]c2nc(-c3ccc(NS(=O)(=O)c4cc(F)ccc4F)cc3)cnc12	684.5	118721273.0
Cc1n[nH]c2nc(-c3ccc(NS(=O)(=O)c4cc(F)ccc4F)cc3)nc(OC3CCC(O)CC3)c12	9.1	136213223.0
Cc1n[nH]c2nc(-c3ccc(NS(=O)(=O)c4cc(F)ccc4F)cc3)nc(OC3CCCNC3)c12	6.9	86268571.0
Cc1n[nH]c2nc(-c3ccc(NS(=O)(=O)c4cc(F)ccc4F)cc3)nc(OC3CCN(C(C)C)CC3)c12	8.4	86268989.0
Cc1n[nH]c2nc(-c3ccc(NS(=O)(=O)c4cc(F)ccc4F)cc3)nc(OC3CCN(C4CCC4)CC3)c12	25.0	86269187.0
Cc1n[nH]c2nc(-c3ccc(NS(=O)(=O)c4cc(F)ccc4F)cc3)nc(OC3CCN(CC(F)(F)F)CC3)c12	5600.0	136213347.0
Cc1n[nH]c2nc(-c3ccc(NS(=O)(=O)c4cc(F)ccc4F)cc3)nc(OC3CCN(CCF)CC3)c12	5.0	86268786.0
Cc1n[nH]c2nc(-c3ccc(NS(=O)(=O)c4cc(F)ccc4F)cc3)nc(OC3CCNCC3(F)F)c12	1.7	136213256.0
Cc1n[nH]c2nc(-c3ccc(NS(=O)(=O)c4cc(F)ccc4F)cc3)nc(OC3CCNCC3F)c12	2.1	136213277.0
Cc1n[nH]c2nc(-c3ccc(NS(=O)(=O)c4cc(F)ccc4F)cc3)nc(OCC(CO)CO)c12	20.0	136213337.0
Cc1n[nH]c2nc(-c3ccc(NS(=O)(=O)c4cc(F)ccc4F)cc3)nc(OCC(F)(F)CN)c12	22.0	136213333.0
Cc1n[nH]c2nc(-c3ccc(NS(=O)(=O)c4cc(F)ccc4F)cc3)nc(OCC3CNCCO3)c12	14.0	136213273.0
Cc1n[nH]c2nc(-c3ccc(NS(=O)(=O)c4cc(F)ccc4F)cc3)nc(OCCCN)c12	8.2	136213215.0
Cc1n[nH]c2nc(-c3ccc(NS(=O)(=O)c4cc5c(cc4Cl)OCCO5)cc3)ncc12	2.3	136213128.0
Cc1n[nH]c2nc(-c3ccc(NS(=O)(=O)c4cccc(Cl)c4Cl)cc3)cnc12	13.0	71537543.0
Cc1n[nH]c2nc(-c3ccc(NS(=O)(=O)c4cccc(Cl)c4Cl)cc3)ncc12	1.9	136213053.0
Cc1n[nH]c2nc(-c3ccc(NS(=O)(=O)c4ccccc4C(N)=O)cc3)ncc12	2200.0	90421861.0
Cc1n[nH]c2nc(-c3ccc(NS(=O)(=O)c4ccccc4F)cc3)nc(OC3CCC(O)CC3)c12	1900.0	136213222.0
Cc1n[nH]c2nc(-c3ccc(NS(=O)(=O)c4ccccc4F)cc3)nc(OC3CCCNC3)c12	12.0	136213299.0
Cc1n[nH]c2nc(-c3ccc(NS(=O)(=O)c4ccccc4F)cc3)nc(OC3CCN(C(C)C)CC3)c12	11.0	136213320.0
Cc1n[nH]c2nc(-c3ccc(NS(=O)(=O)c4ccccc4F)cc3)nc(OC3CCN(CCF)CC3)c12	8.1	86268988.0
Cc1n[nH]c2nc(-c3ccc(NS(=O)(=O)c4ccccc4F)cc3)nc(OC3CCNCC3(F)F)c12	1.5	136213257.0
Cc1n[nH]c2nc(-c3ccc(NS(=O)(=O)c4ccccc4F)cc3)nc(OC3CCNCC3F)c12	1.8	136213278.0
Cc1n[nH]c2nc(-c3ccc(NS(=O)(=O)c4ccccc4F)cc3)nc(OCC(CO)CO)c12	110.0	136213327.0
Cc1n[nH]c2nc(-c3ccc(NS(=O)(=O)c4ccccc4F)cc3)nc(OCC(F)(F)CN)c12	34.0	136213330.0
Cc1n[nH]c2nc(-c3ccc(NS(=O)(=O)c4ccccc4F)cc3)nc(OCC3CNCCO3)c12	23.0	136213270.0
Cc1n[nH]c2nc(-c3ccc(NS(=O)(=O)c4ccccc4F)cc3)nc(OCCCN)c12	2.3	136213217.0
Cc1n[nH]c2nc(-c3ccc(NS(=O)(=O)c4ccccc4F)cc3)nc(OCCCO)c12	200.0	136213354.0
Cc1nc(-c2ccc(NS(=O)(=O)c3c(Cl)ccc4c3OCCCO4)cc2)nc2[nH]nc(N)c12	1.5	136213404.0
Cc1nc(-c2ccc(NS(=O)(=O)c3c(F)ccc(Cl)c3F)cc2)nc2[nH]nc(N)c12	1600.0	136213443.0
Cc1nc(-c2ccc(NS(=O)(=O)c3cc(Cl)c(F)cc3F)cc2)nc2[nH]nc(N)c12	1.5	90421735.0
Cc1nc(-c2ccc(NS(=O)(=O)c3cc(Cl)ccc3C#N)cc2)nc2[nH]nc(N)c12	1.5	136213391.0
Cc1nc(-c2ccc(NS(=O)(=O)c3cc(Cl)ccc3C#N)cc2)nc2[nH]nc(N3CCCC4(COC4)C3)c12	8.9	136213421.0
Cc1nc(-c2ccc(NS(=O)(=O)c3cc(Cl)ccc3C#N)cc2)nc2[nH]ncc12	3.8	136213415.0
Cc1nc(-c2ccc(NS(=O)(=O)c3cc(Cl)ccc3Cl)cc2)nc2[nH]nc(N)c12	1.2	90421264.0
Cc1nc(-c2ccc(NS(=O)(=O)c3cc(Cl)ccc3Cl)cc2)nc2[nH]nc(N3CC4(COC4)C3)c12	20.0	136213420.0
Cc1nc(-c2ccc(NS(=O)(=O)c3cc(Cl)ccc3Cl)cc2)nc2[nH]nc(N3CCC4(CC3)COC4)c12	6.2	136213419.0
Cc1nc(-c2ccc(NS(=O)(=O)c3cc(Cl)ccc3Cl)cc2)nc2[nH]nc(NC(=O)C3CC(O)C3)c12	2.0	90431891.0
Cc1nc(-c2ccc(NS(=O)(=O)c3cc(Cl)ccc3Cl)cc2)nc2[nH]nc(NC(=O)C3CCOCC3)c12	1.6	90431890.0
Cc1nc(-c2ccc(NS(=O)(=O)c3cc(Cl)ccc3Cl)cc2)nc2[nH]nc(NCC3CCOCC3)c12	21.0	90431889.0
Cc1nc(-c2ccc(NS(=O)(=O)c3cc(Cl)ccc3Cl)cc2)nc2[nH]ncc12	5.7	136213104.0
Cc1nc(-c2ccc(NS(=O)(=O)c3cc(Cl)ccc3F)cc2)nc2[nH]nc(N)c12	1.5	136213392.0
Cc1nc(-c2ccc(NS(=O)(=O)c3cc(Cl)ccc3F)cc2)nc2[nH]ncc12	6.5	90421181.0
Cc1nc(-c2ccc(NS(=O)(=O)c3cc(F)c(F)c(F)c3)cc2)nc2[nH]nc(N)c12	110.0	136213183.0
Cc1nc(-c2ccc(NS(=O)(=O)c3cc(F)c(F)cc3Cl)cc2)nc2[nH]nc(N)c12	54.0	136213185.0
Cc1nc(-c2ccc(NS(=O)(=O)c3cc(F)cc(F)c3Cl)cc2)nc2[nH]nc(N)c12	16.0	86269393.0
Cc1nc(-c2ccc(NS(=O)(=O)c3cc4c(cc3Br)OCCCO4)cc2)nc2[nH]nc(N)c12	4.8	136213403.0
Cc1nc(-c2ccc(NS(=O)(=O)c3cc4c(cc3Cl)OCCCO4)cc2)nc2[nH]nc(N)c12	3.9	136213402.0
Cc1nc(-c2ccc(NS(=O)(=O)c3ccc(F)c(C#N)c3)cc2)nc2[nH]nc(N)c12	91.0	136213395.0
Cc1nc(-c2ccc(NS(=O)(=O)c3ccc(F)c(C#N)c3)cc2)nc2[nH]ncc12	180.0	136213416.0
Cc1nc(-c2ccc(NS(=O)(=O)c3ccc(F)cc3Cl)cc2)nc2[nH]nc(N)c12	40.0	136213182.0
Cc1nc(-c2ccc(NS(=O)(=O)c3cccc(C#N)c3)cc2)nc2[nH]nc(N)c12	97.0	136213397.0
Cc1nc(-c2ccc(NS(=O)(=O)c3cccc(C#N)c3)cc2)nc2[nH]ncc12	320.0	136213417.0
Cc1nc(-c2ccc(NS(=O)(=O)c3cccc(Cl)c3C#N)cc2)nc2[nH]nc(N)c12	11.0	136213396.0
Cc1nc(-c2ccc(NS(=O)(=O)c3cccc(Cl)c3F)cc2)nc2[nH]nc(N)c12	40.0	136213186.0
Cc1nc(-c2ccc(NS(=O)(=O)c3cccc(F)c3C#N)cc2)nc2[nH]nc(N)c12	12.0	136213400.0
Cc1nc(-c2ccc(NS(=O)(=O)c3ccccc3C#N)cc2)nc2[nH]ncc12	88.0	136213413.0
Cc1nc(-c2ccc(NS(=O)(=O)c3ccccc3F)cc2)nc2[nH]nc(N)c12	110.0	136213184.0
Cc1nn(C)c(Cl)c1S(=O)(=O)Nc1ccc(-c2cnc3c(NS(=O)(=O)c4c(C)nn(C)c4Cl)n[nH]c3n2)cc1	1050.0	71534716.0
Cc1nn(C)c(Cl)c1S(=O)(=O)Nc1ccc(-c2nc(C)c3c(N)n[nH]c3n2)cc1	3100.0	136213401.0
Cc1nn(C)c(Cl)c1S(=O)(=O)Nc1ccc(-c2ncc3c(N)n[nH]c3n2)cc1	2700.0	136213387.0
Cc1nn(C)cc1S(=O)(=O)Nc1n[nH]c2nc(-c3ccc(NS(=O)(=O)c4c(C)nn(C)c4Cl)cc3)cnc12	1050.0	117608313.0
Cc1nnc(-c2ccc(-c3cc(C(=O)NC4CC4)ccc3C)c(C)c2)o1	33000.0	10089048.0
Cc1nnc(-c2ccc(-c3cc(C(=O)Nc4cccc(N5CCOCC5)c4)ccc3C)c(C)c2)o1	33000.0	44580420.0
Cc1nnc(-c2ccc(-c3cc(NC(=O)c4ccc(CN5CCN(C)CC5)cc4)ccc3C)c(C)c2)o1	33000.0	44580449.0
Cc1nnc(-c2ccc(-c3cc(NC(=O)c4ccnc(N5CCCC5)c4)ccc3C)c(C)c2)o1	33000.0	10479082.0
Cc1nnc2c3cc(-c4ccccc4)c(-c4ccc(CN5CCC(c6nnc(-c7ccccn7)[nH]6)CC5)cc4)nc3ccn12	50000.0	15979148.0
Cc1sc(C(=O)N[C@@H]2[C@H](N)CCCC2(F)F)cc1-c1cnn2cc(Cl)cnc12	810.0	89735655.0
Cl.Cn1nccc1-c1ccc(C(=O)N[C@@H]2CNCC[C@H]2c2ccc(F)c(F)c2)c(F)c1	1009.0	155557232.0
ClCc1nnc2c3cc(-c4ccccc4)c(-c4ccc(CN5CCC(c6nnc(-c7ccccn7)[nH]6)CC5)cc4)nc3ccn12	50000.0	44572053.0
Cn1c(=O)c(S(=O)(=O)c2ccc(F)cc2F)cc2cnc(Nc3ccc4[nH]ccc4c3)nc21	10000.0	67240318.0
Cn1cc(-c2cnc3c(-c4csc(C(=O)NCC(F)(F)F)c4)cnn3c2)cn1	63.0	59603829.0
Cn1cc(-c2cnc3c(-c4csc(C(=O)N[C@@H]5CCCC[C@@H]5N)c4)cnn3c2)cn1	200.0	59603842.0
Cn1cc(S(=O)(=O)Nc2ccc(-c3ccc4c(N)n[nH]c4c3)cc2)c(C(F)(F)F)n1	266.0	118721254.0
Cn1ncc(Cl)c1-c1cc(C(=O)N[C@@H]2CNCC[C@H]2c2ccc(F)c(F)c2)oc1Cl.O=C(O)[C@H](O)[C@@H](O)C(=O)O	59.0	155525783.0
Cn1ncc(Cl)c1-c1cc(C(=O)N[C@@H]2CN[C@H](CCO)C[C@H]2c2ccc(F)c(F)c2)oc1Cl	102.0	155077019.0
Cn1ncc(Cl)c1-c1cc(C(=O)N[C@H](CN)Cc2ccc(F)c(F)c2)oc1Cl	211.0	51042438.0
N#CC(c1ccnc(NCCc2cccnc2)n1)c1nc2ccccc2s1	10000.0	10109823.0
N#Cc1c(Cl)cccc1S(=O)(=O)Nc1ccc(-c2ccc3c(N)n[nH]c3c2)cc1	102.5	118721260.0
N#Cc1c(Cl)cccc1S(=O)(=O)Nc1ccc(-c2ncc3c(N)n[nH]c3n2)cc1	6.2	136213383.0
N#Cc1ccc(Cl)cc1S(=O)(=O)Nc1ccc(-c2cc3[nH]nc(N)c3c(C(F)(F)F)n2)cc1	2.0	136213463.0
N#Cc1ccc(Cl)cc1S(=O)(=O)Nc1ccc(-c2cc3[nH]nc(N)c3c(O)n2)cc1	2200.0	136213456.0
N#Cc1ccc(Cl)cc1S(=O)(=O)Nc1ccc(-c2cc3[nH]nc(N)c3cn2)cc1	17.0	136213457.0
N#Cc1ccc(Cl)cc1S(=O)(=O)Nc1ccc(-c2ccc3c(N)n[nH]c3c2)cc1	9.5	118721262.0
N#Cc1ccc(Cl)cc1S(=O)(=O)Nc1ccc(-c2cnc3c(N)n[nH]c3n2)cc1	151.5	71538111.0
N#Cc1ccc(Cl)cc1S(=O)(=O)Nc1ccc(-c2nc(N3CC(CO)C3)c3cn[nH]c3n2)cc1	29.0	136213136.0
N#Cc1ccc(Cl)cc1S(=O)(=O)Nc1ccc(-c2nc(OC3CCC(O)CC3)c3cn[nH]c3n2)cc1	2.0	118720597.0
N#Cc1ccc(Cl)cc1S(=O)(=O)Nc1ccc(-c2nc(OC3CCNCC3(F)F)c3cn[nH]c3n2)cc1	6.8	136213249.0
N#Cc1ccc(Cl)cc1S(=O)(=O)Nc1ccc(-c2nc(OC3CNC3)c3cn[nH]c3n2)cc1	21.0	136213200.0
N#Cc1ccc(Cl)cc1S(=O)(=O)Nc1ccc(-c2nc(OCC(F)(F)F)c3c(N)n[nH]c3n2)cc1	4.6	136213204.0
N#Cc1ccc(Cl)cc1S(=O)(=O)Nc1ccc(-c2nc(OCC(F)(F)F)c3cn[nH]c3n2)cc1	13.25	136213181.0
N#Cc1ccc(Cl)cc1S(=O)(=O)Nc1ccc(-c2nc(OCC3(CN)COC3)c3cn[nH]c3n2)cc1	16.0	136213238.0
N#Cc1ccc(Cl)cc1S(=O)(=O)Nc1ccc(-c2nc(OCC3CNC(=O)C3)c3cn[nH]c3n2)cc1	4.3	136213151.0
N#Cc1ccc(Cl)cc1S(=O)(=O)Nc1ccc(-c2nc(OCCC(N)=O)c3cn[nH]c3n2)cc1	3.7	136213140.0
N#Cc1ccc(Cl)cc1S(=O)(=O)Nc1ccc(-c2nc(OCCCC(N)=O)c3cn[nH]c3n2)cc1	7.7	136213139.0
N#Cc1ccc(Cl)cc1S(=O)(=O)Nc1ccc(-c2nc(OCCN3CCCC3=O)c3cn[nH]c3n2)cc1	6200.0	136213197.0
N#Cc1ccc(Cl)cc1S(=O)(=O)Nc1ccc(-c2ncc3c(N)n[nH]c3n2)cc1	6.0	86268374.0
N#Cc1ccc(F)c(S(=O)(=O)Nc2ccc(-c3cnc4c(N)n[nH]c4n3)cc2)c1	47.0	71534718.0
N#Cc1ccc(F)c(S(=O)(=O)Nc2ccc(-c3nc(OC4CCC(O)CC4)c4cn[nH]c4n3)cc2)c1	17.0	136213155.0
N#Cc1cccc(S(=O)(=O)Nc2ccc(-c3ncc4c(N)n[nH]c4n3)cc2)c1	140.0	136213384.0
NC(=O)Nc1nnc2c3cc(-c4ccccc4)c(-c4ccc(CN5CCC(c6nnc(-c7ccccn7)[nH]6)CC5)cc4)nc3ccn12	50000.0	44572052.0
NC(=O)c1cc(-c2ccc(NS(=O)(=O)c3cccc(Cl)c3Cl)cc2)nc2[nH]ncc12	118.5	166626715.0
NCC1(COc2nc(-c3ccc(NS(=O)(=O)c4cc(Cl)ccc4Cl)cc3)nc3[nH]ncc23)COC1	5.0	136213239.0
NCC1(COc2nc(-c3ccc(NS(=O)(=O)c4cc(Cl)ccc4F)cc3)nc3[nH]ncc23)COC1	9.5	86268570.0
NCC1(COc2nc(-c3ccc(NS(=O)(=O)c4cc(F)ccc4F)cc3)nc3[nH]ncc23)COC1	1000.0	136213233.0
NCC1(COc2nc(-c3ccc(NS(=O)(=O)c4ccccc4F)cc3)nc3[nH]ncc23)COC1	1300.0	136213235.0
NCCCNc1nc(-c2ccc(NS(=O)(=O)c3cc(Cl)ccc3Cl)cc2)nc2[nH]ncc12	1.2	136213083.0
NCCCNc1nc(-c2ccc(NS(=O)(=O)c3cc(Cl)ccc3F)cc2)nc2[nH]ncc12	1.2	136213077.0
NCCCNc1nc(-c2ccc(NS(=O)(=O)c3cccc(Cl)c3Cl)cc2)nc2[nH]ncc12	2.95	136213076.0
NCCCOc1nc(-c2ccc(NS(=O)(=O)c3cc(Cl)ccc3Cl)cc2)nc2[nH]ncc12	1.2	118720598.0
NCCCOc1nc(-c2ccc(NS(=O)(=O)c3cc(Cl)ccc3F)cc2)nc2[nH]ncc12	1.2	136213092.0
NCCCOc1nc(-c2ccc(NS(=O)(=O)c3cc(F)ccc3F)cc2)nc2[nH]ncc12	26.0	136213207.0
NCCCOc1nc(-c2ccc(NS(=O)(=O)c3cccc(Cl)c3Cl)cc2)nc2[nH]ncc12	4.2	136213093.0
NCCNC(=O)c1cc(-c2ccc(NS(=O)(=O)c3cccc(Cl)c3Cl)cc2)nc2[nH]ncc12	1.0	166625906.0
NCCNc1nc(-c2ccc(NS(=O)(=O)c3cc(Cl)ccc3Cl)cc2)nc2[nH]ncc12	1.2	136213082.0
NCCNc1nc(-c2ccc(NS(=O)(=O)c3cc(Cl)ccc3F)cc2)nc2[nH]ncc12	1.2	136213081.0
NCCOc1nc(-c2ccc(NS(=O)(=O)c3cc(Cl)ccc3Cl)cc2)nc2[nH]ncc12	2.4	136213085.0
NCCOc1nc(-c2ccc(NS(=O)(=O)c3cc(Cl)ccc3F)cc2)nc2[nH]ncc12	14.0	136213084.0
NCCOc1nc(-c2ccc(NS(=O)(=O)c3cccc(Cl)c3Cl)cc2)nc2[nH]ncc12	32.0	136213086.0
NCCn1cc(-c2cc(-c3cc4ccccc4s3)c3[nH]ncc3c2)c2nc(N)ncc21	690.0	46224684.0
NCc1ccc(-c2c[nH]c3ncc(-c4ccccc4)cc23)cc1	400.0	11953177.0
NNc1ccc(Cl)cc1S(=O)(=O)Nc1ccc(-c2cnc3c(N)n[nH]c3n2)cc1	196.0	71537262.0
N[C@H](CNc1nnc(-c2ccc3cnccc3c2)s1)Cc1ccc(C(F)(F)F)cc1	2200.0	11568147.0
Nc1ccc(-c2ccc3ncc4c(=O)[nH]c(=O)n(-c5cccc(C(F)(F)F)c5)c4c3n2)cn1	10000.0	129012341.0
Nc1n[nH]c2cc(-c3ccc(NS(=O)(=O)C4CC4)cc3)ccc12	1800.0	118721249.0
Nc1n[nH]c2cc(-c3ccc(NS(=O)(=O)C4CCCCC4)cc3)ccc12	2260.0	118721248.0
Nc1n[nH]c2cc(-c3ccc(NS(=O)(=O)Cc4cc(F)ccc4F)cc3)ccc12	4929.0	118721251.0
Nc1n[nH]c2cc(-c3ccc(NS(=O)(=O)Cc4ccccc4)cc3)ccc12	315.0	118721250.0
Nc1n[nH]c2cc(-c3ccc(NS(=O)(=O)c4cc(Br)ccc4Cl)cc3)ccc12	2.5	118987696.0
Nc1n[nH]c2cc(-c3ccc(NS(=O)(=O)c4cc(Br)ccc4F)cc3)ccc12	5.5	118987697.0
Nc1n[nH]c2cc(-c3ccc(NS(=O)(=O)c4cc(C(F)(F)F)ccc4F)cc3)ccc12	65.0	118721263.0
Nc1n[nH]c2cc(-c3ccc(NS(=O)(=O)c4cc(Cl)c(F)cc4F)cc3)nc(C(F)(F)F)c12	3.6	136213467.0
Nc1n[nH]c2cc(-c3ccc(NS(=O)(=O)c4cc(Cl)c(F)cc4F)cc3)nc(O)c12	7.7	136213453.0
Nc1n[nH]c2cc(-c3ccc(NS(=O)(=O)c4cc(Cl)c(F)cc4F)cc3)ncc12	1.5	86269191.0
Nc1n[nH]c2cc(-c3ccc(NS(=O)(=O)c4cc(Cl)ccc4Cl)cc3)ccc12	7.5	118721259.0
Nc1n[nH]c2cc(-c3ccc(NS(=O)(=O)c4cc(Cl)ccc4Cl)cc3)nc(C(F)(F)F)c12	3.8	136213472.0
Nc1n[nH]c2cc(-c3ccc(NS(=O)(=O)c4cc(Cl)ccc4Cl)cc3)nc(O)c12	5.5	136213454.0
Nc1n[nH]c2cc(-c3ccc(NS(=O)(=O)c4cc(Cl)ccc4Cl)cc3)ncc12	1.7	136213458.0
Nc1n[nH]c2cc(-c3ccc(NS(=O)(=O)c4cc(Cl)ccc4F)cc3)ccc12	4.0	118721271.0
Nc1n[nH]c2cc(-c3ccc(NS(=O)(=O)c4cc(Cl)ccc4F)cc3)ncc12	19.0	136213461.0
Nc1n[nH]c2cc(-c3ccc(NS(=O)(=O)c4cc(Cl)sc4Cl)cc3)ccc12	32.0	118721256.0
Nc1n[nH]c2cc(-c3ccc(NS(=O)(=O)c4cc(Cl)sc4Cl)cc3)nc(C(F)(F)F)c12	5.2	136213465.0
Nc1n[nH]c2cc(-c3ccc(NS(=O)(=O)c4cc(Cl)sc4Cl)cc3)ncc12	13.0	136213460.0
Nc1n[nH]c2cc(-c3ccc(NS(=O)(=O)c4cc(F)c(F)cc4F)cc3)nc(C(F)(F)F)c12	160.0	136213477.0
Nc1n[nH]c2cc(-c3ccc(NS(=O)(=O)c4cc(F)cc(F)c4Cl)cc3)nc(C(F)(F)F)c12	430.0	136213469.0
Nc1n[nH]c2cc(-c3ccc(NS(=O)(=O)c4cc(F)cc(F)c4Cl)cc3)ncc12	96.0	136213459.0
Nc1n[nH]c2cc(-c3ccc(NS(=O)(=O)c4cc(F)cc(F)c4F)cc3)nc(C(F)(F)F)c12	710.0	136213466.0
Nc1n[nH]c2cc(-c3ccc(NS(=O)(=O)c4cc(F)ccc4F)cc3)ccc12	93.5	118721266.0
Nc1n[nH]c2cc(-c3ccc(NS(=O)(=O)c4cc(F)ccc4F)cc3)nc(C(F)(F)F)c12	85.0	136213475.0
Nc1n[nH]c2cc(-c3ccc(NS(=O)(=O)c4ccc(Br)s4)cc3)ccc12	360.5	118721253.0
Nc1n[nH]c2cc(-c3ccc(NS(=O)(=O)c4ccc(F)cc4Cl)cc3)nc(C(F)(F)F)c12	130.0	136213470.0
Nc1n[nH]c2cc(-c3ccc(NS(=O)(=O)c4cccc(Cl)c4Cl)cc3)ccc12	131.5	11524857.0
Nc1n[nH]c2cc(-c3ccc(NS(=O)(=O)c4cccc(Cl)c4F)cc3)ccc12	87.0	118987698.0
Nc1n[nH]c2cc(-c3ccc(NS(=O)(=O)c4cccc(Cl)c4F)cc3)nc(C(F)(F)F)c12	430.0	136213471.0
Nc1n[nH]c2cc(-c3ccc(NS(=O)(=O)c4cccc(F)c4F)cc3)ccc12	1294.5	118721265.0
Nc1n[nH]c2cc(-c3ccc(NS(=O)(=O)c4ccccc4)cc3)ccc12	4922.0	118721257.0
Nc1n[nH]c2cc(-c3ccc(NS(=O)(=O)c4ccccc4Cl)cc3)ccc12	198.5	118721258.0
Nc1n[nH]c2cc(-c3ccc(NS(=O)(=O)c4ccccc4Cl)cc3)nc(C(F)(F)F)c12	45.0	136213476.0
Nc1n[nH]c2cc(-c3ccc(NS(=O)(=O)c4ccccc4F)cc3)ccc12	555.5	118721264.0
Nc1n[nH]c2cc(-c3ccc(NS(=O)(=O)c4ccccc4F)cc3)nc(C(F)(F)F)c12	100.0	136213468.0
Nc1n[nH]c2cc(-c3ccc(NS(=O)(=O)c4ccco4)cc3)ccc12	3429.5	118721255.0
Nc1n[nH]c2nc(-c3ccc(NS(=O)(=O)c4c(F)ccc(Cl)c4F)cc3)ncc12	2100.0	136213444.0
Nc1n[nH]c2nc(-c3ccc(NS(=O)(=O)c4cc(Cl)c(F)cc4F)cc3)cnc12	21.5	71538952.0
Nc1n[nH]c2nc(-c3ccc(NS(=O)(=O)c4cc(Cl)c(F)cc4F)cc3)nc(C3CC3)c12	1.5	90421031.0
Nc1n[nH]c2nc(-c3ccc(NS(=O)(=O)c4cc(Cl)c(F)cc4F)cc3)ncc12	1.6	90421170.0
Nc1n[nH]c2nc(-c3ccc(NS(=O)(=O)c4cc(Cl)ccc4Cl)c(F)c3)cnc12	2.0	71537540.0
Nc1n[nH]c2nc(-c3ccc(NS(=O)(=O)c4cc(Cl)ccc4Cl)cc3)cnc12	5.0	71537261.0
Nc1n[nH]c2nc(-c3ccc(NS(=O)(=O)c4cc(Cl)ccc4Cl)cc3)nc(C3CC3)c12	1.5	136213412.0
Nc1n[nH]c2nc(-c3ccc(NS(=O)(=O)c4cc(Cl)ccc4Cl)cc3)nc(OCC(F)(F)F)c12	5.4	136213203.0
Nc1n[nH]c2nc(-c3ccc(NS(=O)(=O)c4cc(Cl)ccc4Cl)cc3)nc(OCC3CC3)c12	13.0	136213323.0
Nc1n[nH]c2nc(-c3ccc(NS(=O)(=O)c4cc(Cl)ccc4Cl)cc3)ncc12	2.0	90421567.0
Nc1n[nH]c2nc(-c3ccc(NS(=O)(=O)c4cc(Cl)ccc4F)c(F)c3)cnc12	2.0	71537263.0
Nc1n[nH]c2nc(-c3ccc(NS(=O)(=O)c4cc(Cl)ccc4F)cc3)cnc12	1.0	71506845.0
Nc1n[nH]c2nc(-c3ccc(NS(=O)(=O)c4cc(Cl)ccc4F)cc3)nc(C(F)(F)F)c12	1.5	86269814.0
Nc1n[nH]c2nc(-c3ccc(NS(=O)(=O)c4cc(Cl)ccc4F)cc3)nc(C3CC3)c12	1.5	136213410.0
Nc1n[nH]c2nc(-c3ccc(NS(=O)(=O)c4cc(Cl)ccc4F)cc3)ncc12	204.5	118720604.0
Nc1n[nH]c2nc(-c3ccc(NS(=O)(=O)c4cc(Cl)sc4Cl)cc3)cnc12	93.5	71538112.0
Nc1n[nH]c2nc(-c3ccc(NS(=O)(=O)c4cc(Cl)sc4Cl)cc3)nc(C3CC3)c12	2.7	136213422.0
Nc1n[nH]c2nc(-c3ccc(NS(=O)(=O)c4cc(Cl)sc4Cl)cc3)ncc12	2.5	136213390.0
Nc1n[nH]c2nc(-c3ccc(NS(=O)(=O)c4cc(F)c(F)cc4Cl)cc3)nc(C3CC3)c12	3.1	136213406.0
Nc1n[nH]c2nc(-c3ccc(NS(=O)(=O)c4cc(F)c(F)cc4Cl)cc3)ncc12	250.0	86269810.0
Nc1n[nH]c2nc(-c3ccc(NS(=O)(=O)c4cc(F)c(F)cc4F)cc3)ncc12	300.0	86269809.0
Nc1n[nH]c2nc(-c3ccc(NS(=O)(=O)c4cc(F)cc(F)c4Cl)cc3)cnc12	31.0	89464274.0
Nc1n[nH]c2nc(-c3ccc(NS(=O)(=O)c4cc(F)cc(F)c4Cl)cc3)nc(C3CC3)c12	1.5	136213405.0
Nc1n[nH]c2nc(-c3ccc(NS(=O)(=O)c4cc(F)cc(F)c4Cl)cc3)ncc12	4.7	136213389.0
Nc1n[nH]c2nc(-c3ccc(NS(=O)(=O)c4cc(F)cc(F)c4F)cc3)nc(C3CC3)c12	1.5	136213409.0
Nc1n[nH]c2nc(-c3ccc(NS(=O)(=O)c4cc(F)ccc4F)cc3)cnc12	15.0	89464503.0
Nc1n[nH]c2nc(-c3ccc(NS(=O)(=O)c4cc(F)ccc4F)cc3)nc(C3CC3)c12	1.5	86269394.0
Nc1n[nH]c2nc(-c3ccc(NS(=O)(=O)c4cc(F)ccc4F)cc3)ncc12	190.0	86268373.0
Nc1n[nH]c2nc(-c3ccc(NS(=O)(=O)c4cc5c(cc4Br)OCCCO5)cc3)ncc12	6.7	136213386.0
Nc1n[nH]c2nc(-c3ccc(NS(=O)(=O)c4ccc(C(F)(F)F)cc4Cl)cc3)cnc12	9653.5	71538955.0
Nc1n[nH]c2nc(-c3ccc(NS(=O)(=O)c4ccc(Cl)cc4Cl)cc3)cnc12	4760.0	118721272.0
Nc1n[nH]c2nc(-c3ccc(NS(=O)(=O)c4ccc(F)cc4Cl)cc3)cnc12	18.0	89464332.0
Nc1n[nH]c2nc(-c3ccc(NS(=O)(=O)c4ccc(F)cc4Cl)cc3)nc(C3CC3)c12	2.7	136213408.0
Nc1n[nH]c2nc(-c3ccc(NS(=O)(=O)c4ccc(F)cc4Cl)cc3)ncc12	410.0	136213442.0
Nc1n[nH]c2nc(-c3ccc(NS(=O)(=O)c4ccc5c(c4)OCCCO5)cc3)ncc12	6.8	136213385.0
Nc1n[nH]c2nc(-c3ccc(NS(=O)(=O)c4cccc(Cl)c4Cl)c(F)c3)cnc12	3.0	71537541.0
Nc1n[nH]c2nc(-c3ccc(NS(=O)(=O)c4cccc(Cl)c4Cl)cc3)cnc12	3.0	71536970.0
Nc1n[nH]c2nc(-c3ccc(NS(=O)(=O)c4cccc(Cl)c4F)cc3)nc(C3CC3)c12	3.7	136213407.0
Nc1n[nH]c2nc(-c3ccc(NS(=O)(=O)c4cccc(Cl)c4F)cc3)ncc12	350.0	136213435.0
Nc1n[nH]c2nc(-c3ccc(NS(=O)(=O)c4cccc(F)c4Cl)cc3)cnc12	21.0	89464020.0
Nc1n[nH]c2nc(-c3ccc(NS(=O)(=O)c4cccc(F)c4F)cc3)ncc12	1900.0	136213440.0
Nc1n[nH]c2nc(-c3ccc(NS(=O)(=O)c4cccc5ccccc45)cc3)cnc12	388.0	71538663.0
Nc1n[nH]c2nc(-c3ccc(NS(=O)(=O)c4ccccc4Cl)cc3)cnc12	14.0	89463862.0
Nc1n[nH]c2nc(-c3ccc(NS(=O)(=O)c4ccccc4Cl)cc3)ncc12	400.0	136213441.0
Nc1n[nH]c2nc(-c3ccc(NS(=O)(=O)c4ccccc4F)cc3)cnc12	22.0	89464440.0
Nc1n[nH]c2nc(-c3ccc(NS(=O)(=O)c4ccccc4F)cc3)nc(C3CC3)c12	1.5	86269396.0
Nc1n[nH]c2nc(-c3ccc(NS(=O)(=O)c4ccccc4F)cc3)ncc12	420.0	136213436.0
Nc1nc(CNC(=O)c2cc(-c3ccc(NS(=O)(=O)c4cccc(Cl)c4Cl)cc3)nc3[nH]ncc23)cs1	1244.5	166633409.0
Nc1nccc(-c2ccc3c(N)n[nH]c3c2)n1	10000.0	46215814.0
Nc1ncnc2n[nH]c(Nc3ccc(F)cc3)c12	2700.0	11644425.0
Nc1nnc2c3cc(-c4ccccc4)c(-c4ccc(CN5CCC(c6nnc(-c7ccccn7)[nH]6)CC5)cc4)nc3ccn12	50000.0	16091080.0
O=C(Cc1cccc(OCCCC2CCNCC2)c1)Nc1nc(-c2ccncc2)cs1	10000.0	60097413.0
O=C(Cc1cccc(OCCCN2CCNCC2)c1)Nc1nc(-c2ccncc2)cs1	10000.0	60097495.0
O=C(Cc1ccccc1)Nc1cccc(-c2nc3sccn3c2-c2ccnc(Nc3cccc(N4CCOCC4)c3)n2)c1	1000.0	46886323.0
O=C(Cc1ccccc1)Nc1n[nH]c2nc(-c3ccc(NS(=O)(=O)c4cc(Cl)ccc4Cl)cc3)ncc12	27.0	136213451.0
O=C(NC1CCN(C2CC2)C1)c1cc(-c2ccc(NS(=O)(=O)c3cccc(Cl)c3Cl)cc2)nc2[nH]ncc12	308.0	166629030.0
O=C(NC1CCN(CC2CC2)C1)c1cc(-c2ccc(NS(=O)(=O)c3cccc(Cl)c3Cl)cc2)nc2[nH]ncc12	18.0	166632905.0
O=C(NC1CCN(CCO)C1)c1cc(-c2ccc(NS(=O)(=O)c3cccc(Cl)c3Cl)cc2)nc2[nH]ncc12	6.5	166633394.0
O=C(NCC(F)(F)F)c1cc(-c2cnn3cc(-c4ccc(OCCN5CCCCC5)cc4)cnc23)cs1	27.0	24759534.0
O=C(NCC1CCOCC1)Nc1n[nH]c2nc(-c3ccc(NS(=O)(=O)c4cc(Cl)ccc4Cl)cc3)ncc12	15.0	90421384.0
O=C(NCCCN1CCCC1=O)c1cnc(NCc2cc(Cl)ccc2Cl)nc1NC1CCCC1	30000.0	71552941.0
O=C(NCCCN1CCOC1=O)c1cnc(NCc2cc(Cl)ccc2Cl)nc1NC1CCCC1	30000.0	71552942.0
O=C(NCCc1cc[nH]n1)c1cc(-c2ccc(NS(=O)(=O)c3cccc(Cl)c3Cl)cc2)nc2[nH]ncc12	128.0	166630271.0
O=C(NCCn1cnnc1)c1cc(-c2ccc(NS(=O)(=O)c3cccc(Cl)c3Cl)cc2)nc2[nH]ncc12	306.0	166633928.0
O=C(NCc1cc[nH]n1)c1cc(-c2ccc(NS(=O)(=O)c3cccc(Cl)c3Cl)cc2)nc2[nH]ncc12	963.0	166634456.0
O=C(NCc1ccc(Cl)cc1)Nc1n[nH]c2nc(-c3ccc(NS(=O)(=O)c4cc(Cl)ccc4Cl)cc3)ncc12	15.0	90421635.0
O=C(NCc1cccc(O)c1)Nc1nc(-c2ccncc2)cs1	5.0	60138149.0
O=C(NCc1ccncc1)c1ccc2c(c1)Cc1c(-c3ccc(-c4ccc(O)cc4)cc3)n[nH]c1-2	15000.0	44429012.0
O=C(NCc1cocn1)c1cc(-c2ccc(NS(=O)(=O)c3cccc(Cl)c3Cl)cc2)nc2[nH]ncc12	164.0	166628325.0
O=C(NCc1ncc[nH]1)c1cc(-c2ccc(NS(=O)(=O)c3cccc(Cl)c3Cl)cc2)nc2[nH]ncc12	64.5	166629709.0
O=C(NCc1ncn[nH]1)c1cc(-c2ccc(NS(=O)(=O)c3cccc(Cl)c3Cl)cc2)nc2[nH]ncc12	54.0	166626639.0
O=C(NCc1nn[nH]n1)c1cc(-c2ccc(NS(=O)(=O)c3cccc(Cl)c3Cl)cc2)nc2[nH]ncc12	408.5	166633822.0
O=C(NCc1nncs1)c1cc(-c2ccc(NS(=O)(=O)c3cccc(Cl)c3Cl)cc2)nc2[nH]ncc12	689.5	166635960.0
O=C(N[C@@H]1CCNC1)c1cc(-c2ccc(NS(=O)(=O)c3cccc(Cl)c3Cl)cc2)nc2[nH]ncc12	1.0	157049305.0
O=C(N[C@H]1CC[C@H](O)CC1)c1ccc2c(c1)Cc1c(-c3ccc(-c4ccc(O)cc4)cc3)n[nH]c1-2	1320.0	10050156.0
O=C(Nc1n[nH]c2nc(-c3ccc(NS(=O)(=O)c4cc(Cl)ccc4Cl)cc3)ncc12)C1CC1	1.1	136213445.0
O=C(Nc1n[nH]c2nc(-c3ccc(NS(=O)(=O)c4cc(Cl)ccc4Cl)cc3)ncc12)C1CCCC1	3.0	136213446.0
O=C(Nc1n[nH]c2nc(-c3ccc(NS(=O)(=O)c4cc(Cl)ccc4Cl)cc3)ncc12)C1CCCCC1	9.2	136213447.0
O=C(Nc1n[nH]c2nc(-c3ccc(NS(=O)(=O)c4cc(Cl)ccc4Cl)cc3)ncc12)C1CCNCC1	13.0	90421101.0
O=C(Nc1n[nH]c2nc(-c3ccc(NS(=O)(=O)c4cc(Cl)ccc4Cl)cc3)ncc12)C1CCOCC1	2.2	136213449.0
O=C(Nc1n[nH]c2nc(-c3ccc(NS(=O)(=O)c4cc(Cl)ccc4Cl)cc3)ncc12)c1ccc(Cl)cc1	6.8	136213450.0
O=C(Nc1n[nH]c2nc(-c3ccc(NS(=O)(=O)c4cc(Cl)ccc4Cl)cc3)ncc12)c1cccc(Cl)c1Cl	11.0	136213448.0
O=C(Nc1n[nH]c2nc(-c3ccc(NS(=O)(=O)c4cc(Cl)ccc4Cl)cc3)ncc12)c1ccsc1	3.0	136213452.0
O=C(O)C1CN(Cc2ccc(OCc3ccc(Cl)c(Cl)c3)cc2)C1	10000.0	46872626.0
O=C(O)Cc1ccc(-c2c[nH]c3ncc(-c4ccc5ccccc5c4)cc23)cc1	471.5	11952989.0
O=C(O)c1ccc(-c2c[nH]c3ncc(-c4ccccc4)cc23)cc1	670.0	11544170.0
O=C(O)c1ccc(-c2c[nH]c3ncc(-c4ccccc4)cc23)cc1C1CCCC1	13.0	25022668.0
O=C(O)c1ccc2nc(-c3ccc(CN4CCC(n5c(=O)[nH]c6ccccc65)CC4)cc3)c(-c3ccccc3)nc2c1	50000.0	21103197.0
O=C(O)c1ccc2nc(-c3ccccc3)c(-c3ccc(CN4CCC(n5c(=O)[nH]c6ccccc65)CC4)cc3)nc2c1	50000.0	10196532.0
O=C(c1cc(-c2ccc(NS(=O)(=O)c3cccc(Cl)c3Cl)cc2)nc2[nH]ncc12)N1CCNCC1	641.0	59766679.0
O=C1CCCN1CCOc1nc(-c2ccc(NS(=O)(=O)c3cc(Cl)ccc3Cl)cc2)nc2[nH]ncc12	870.0	136213195.0
O=C1CCCN1CCOc1nc(-c2ccc(NS(=O)(=O)c3cc(Cl)ccc3F)cc2)nc2[nH]ncc12	1900.0	136213196.0
O=C1Nc2ccccc2/C1=C1/Nc2ccccc2/C1=N\O	380.0	5326739.0
O=C1OC(/C=C/c2ccccc2)=N/C1=C\c1cccnc1	10000.0	2360773.0
O=S(=O)(Nc1ccc(-c2cc3[nH]nc(NS(=O)(=O)c4cc(Cl)ccc4Cl)c3c(O)n2)cc1)c1cc(Cl)ccc1Cl	29.0	136213455.0
O=S(=O)(Nc1ccc(-c2cc3[nH]nc(NS(=O)(=O)c4cc(Cl)ccc4Cl)c3cn2)cc1)c1cc(Cl)ccc1Cl	34.0	90421357.0
O=S(=O)(Nc1ccc(-c2cc3[nH]ncc3cn2)cc1)c1cc(Cl)ccc1Cl	52.0	90421231.0
O=S(=O)(Nc1ccc(-c2cnc3c(NS(=O)(=O)c4cc(Cl)c(F)cc4F)n[nH]c3n2)cc1)c1cc(Cl)c(F)cc1F	413.0	71538956.0
O=S(=O)(Nc1ccc(-c2cnc3cn[nH]c3n2)cc1)c1cc(Cl)ccc1Cl	439.0	71537258.0
O=S(=O)(Nc1ccc(-c2cnc3cn[nH]c3n2)cc1F)c1cc(Cl)ccc1Cl	496.0	71537259.0
O=S(=O)(Nc1ccc(-c2cnc3cn[nH]c3n2)cc1F)c1cccc(Cl)c1Cl	419.0	71537260.0
O=S(=O)(Nc1ccc(-c2nc(-c3cccnc3)c3cn[nH]c3n2)cc1)c1cc(Cl)ccc1Cl	1.2	90421456.0
O=S(=O)(Nc1ccc(-c2nc(-c3ccncc3)c3cn[nH]c3n2)cc1)c1cc(Cl)ccc1Cl	1.2	136213062.0
O=S(=O)(Nc1ccc(-c2nc(-n3ccnc3)c3cn[nH]c3n2)cc1)c1cc(Cl)ccc1Cl	1.2	136213071.0
O=S(=O)(Nc1ccc(-c2nc(-n3cncn3)c3cn[nH]c3n2)cc1)c1cc(Cl)ccc1Cl	1.2	136213073.0
O=S(=O)(Nc1ccc(-c2nc(-n3cncn3)c3cn[nH]c3n2)cc1)c1cc(Cl)ccc1F	1.2	136213072.0
O=S(=O)(Nc1ccc(-c2nc(C3CC3)c3cn[nH]c3n2)cc1)c1cc(Cl)ccc1F	6.5	136213161.0
O=S(=O)(Nc1ccc(-c2nc(C3CC3)c3cn[nH]c3n2)cc1)c1cc(F)ccc1F	700.0	136213212.0
O=S(=O)(Nc1ccc(-c2nc(C3CC3)c3cn[nH]c3n2)cc1)c1ccccc1F	1100.0	136213213.0
O=S(=O)(Nc1ccc(-c2nc(C3CC3)c3cn[nH]c3n2)cc1F)c1cc(Cl)ccc1F	94.0	136213378.0
O=S(=O)(Nc1ccc(-c2nc(N3CC(CO)C3)c3cn[nH]c3n2)cc1F)c1cc(Cl)ccc1F	21.0	136213376.0
O=S(=O)(Nc1ccc(-c2nc(N3CC(O)C3)c3cn[nH]c3n2)cc1)c1cc(Cl)ccc1Cl	16.0	136213098.0
O=S(=O)(Nc1ccc(-c2nc(N3CC(O)C3)c3cn[nH]c3n2)cc1)c1cc(Cl)ccc1F	17.0	136213097.0
O=S(=O)(Nc1ccc(-c2nc(N3CC(O)C3)c3cn[nH]c3n2)cc1F)c1cc(Cl)ccc1Cl	100.0	136213372.0
O=S(=O)(Nc1ccc(-c2nc(N3CC(O)C3)c3cn[nH]c3n2)cc1F)c1cc(Cl)ccc1F	130.0	136213371.0
O=S(=O)(Nc1ccc(-c2nc(N3CCC(O)C3)c3cn[nH]c3n2)cc1)c1cc(Cl)ccc1Cl	14.0	136213096.0
O=S(=O)(Nc1ccc(-c2nc(N3CCC(O)C3)c3cn[nH]c3n2)cc1)c1cc(Cl)ccc1F	18.0	136213095.0
O=S(=O)(Nc1ccc(-c2nc(N3CCC(O)C3)c3cn[nH]c3n2)cc1F)c1cc(Cl)ccc1Cl	85.0	136213373.0
O=S(=O)(Nc1ccc(-c2nc(N3CCC(O)C3)c3cn[nH]c3n2)cc1F)c1cc(Cl)ccc1F	92.0	136213370.0
O=S(=O)(Nc1ccc(-c2nc(N3CCC(O)CC3)c3cn[nH]c3n2)cc1)c1cc(Cl)ccc1Cl	44.25	136213101.0
O=S(=O)(Nc1ccc(-c2nc(N3CCC(O)CC3)c3cn[nH]c3n2)cc1)c1cc(Cl)ccc1F	160.0	136213100.0
O=S(=O)(Nc1ccc(-c2nc(N3CCCC(O)C3)c3cn[nH]c3n2)cc1)c1cc(Cl)ccc1F	6.7	136213102.0
O=S(=O)(Nc1ccc(-c2nc(N3CCNCC3)c3cn[nH]c3n2)cc1)c1cc(Cl)ccc1Cl	1.2	136213056.0
O=S(=O)(Nc1ccc(-c2nc(N3CCNCC3)c3cn[nH]c3n2)cc1)c1cc(Cl)ccc1F	1.2	136213055.0
O=S(=O)(Nc1ccc(-c2nc(N3CCNCC3)c3cn[nH]c3n2)cc1)c1cccc(Cl)c1Cl	1.2	125505427.0
O=S(=O)(Nc1ccc(-c2nc(N3CCOCC3)c3cn[nH]c3n2)cc1)c1cc(Cl)ccc1Cl	5.7	90421196.0
O=S(=O)(Nc1ccc(-c2nc(N3CCOCC3)c3cn[nH]c3n2)cc1)c1cc(Cl)ccc1F	8.9	136213051.0
O=S(=O)(Nc1ccc(-c2nc(NCCCO)c3cn[nH]c3n2)cc1)c1cc(Cl)ccc1Cl	4.7	136213075.0
O=S(=O)(Nc1ccc(-c2nc(NCCCO)c3cn[nH]c3n2)cc1)c1cc(Cl)ccc1F	1.4	136213074.0
O=S(=O)(Nc1ccc(-c2nc(NCCO)c3cn[nH]c3n2)cc1)c1cc(Cl)ccc1Cl	4.2	136213079.0
O=S(=O)(Nc1ccc(-c2nc(NCCO)c3cn[nH]c3n2)cc1)c1cc(Cl)ccc1F	20.0	136213078.0
O=S(=O)(Nc1ccc(-c2nc(NCCO)c3cn[nH]c3n2)cc1)c1cccc(Cl)c1Cl	190.0	136213080.0
O=S(=O)(Nc1ccc(-c2nc(NCc3ccccn3)c3cn[nH]c3n2)cc1)c1cc(Cl)ccc1F	9.1	136213057.0
O=S(=O)(Nc1ccc(-c2nc(NCc3cccnc3)c3cn[nH]c3n2)cc1)c1cc(Cl)ccc1F	59.5	136213058.0
O=S(=O)(Nc1ccc(-c2nc(NCc3ccncc3)c3cn[nH]c3n2)cc1)c1cc(Cl)ccc1Cl	1.5	136213059.0
O=S(=O)(Nc1ccc(-c2nc(N[C@H]3CC[C@@H](O)CC3)c3cn[nH]c3n2)cc1)c1cc(Cl)ccc1Cl	3.6	136213106.0
O=S(=O)(Nc1ccc(-c2nc(N[C@H]3CC[C@@H](O)CC3)c3cn[nH]c3n2)cc1)c1cc(Cl)ccc1F	3.9	136213105.0
O=S(=O)(Nc1ccc(-c2nc(O)c3cn[nH]c3n2)cc1)c1cc(Cl)ccc1F	74.0	136213094.0
O=S(=O)(Nc1ccc(-c2nc(O)c3cn[nH]c3n2)cc1)c1cc(F)ccc1F	27000.0	136213208.0
O=S(=O)(Nc1ccc(-c2nc(O)c3cn[nH]c3n2)cc1)c1ccccc1F	15000.0	136213209.0
O=S(=O)(Nc1ccc(-c2nc(OC3CCC(O)C3)c3cn[nH]c3n2)cc1)c1cc(Cl)ccc1Cl	4.0	136213090.0
O=S(=O)(Nc1ccc(-c2nc(OC3CCC(O)C3)c3cn[nH]c3n2)cc1)c1cc(Cl)ccc1F	4.8	136213103.0
O=S(=O)(Nc1ccc(-c2nc(OC3CCC(O)CC3)c3cn[nH]c3n2)cc1)c1cc(Cl)ccc1Cl	1.2	136213091.0
O=S(=O)(Nc1ccc(-c2nc(OC3CCC(O)CC3)c3cn[nH]c3n2)cc1)c1cc(Cl)ccc1F	1.2	90421307.0
O=S(=O)(Nc1ccc(-c2nc(OC3CCC(O)CC3)c3cn[nH]c3n2)cc1F)c1cc(Cl)ccc1Cl	2.5	136213374.0
O=S(=O)(Nc1ccc(-c2nc(OC3CCC(O)CC3)c3cn[nH]c3n2)cc1F)c1cc(Cl)ccc1F	1.5	136213375.0
O=S(=O)(Nc1ccc(-c2nc(OC3CCCNC3)c3cn[nH]c3n2)cc1)c1cc(Cl)ccc1Cl	3.2	136213268.0
O=S(=O)(Nc1ccc(-c2nc(OC3CCCNC3)c3cn[nH]c3n2)cc1)c1cc(F)ccc1F	55.0	136213264.0
O=S(=O)(Nc1ccc(-c2nc(OC3CCCNC3)c3cn[nH]c3n2)cc1)c1ccccc1F	99.0	136213265.0
O=S(=O)(Nc1ccc(-c2nc(OC3CCN(C4CC4)CC3)c3cn[nH]c3n2)cc1)c1cc(F)ccc1F	390.0	136213358.0
O=S(=O)(Nc1ccc(-c2nc(OC3CCN(C4CCC4)CC3)c3cn[nH]c3n2)cc1)c1cc(Cl)ccc1Cl	1000.0	136213356.0
O=S(=O)(Nc1ccc(-c2nc(OC3CCNCC3(F)F)c3cn[nH]c3n2)cc1)c1cc(Cl)ccc1Cl	6.5	136213250.0
O=S(=O)(Nc1ccc(-c2nc(OC3CCNCC3(F)F)c3cn[nH]c3n2)cc1)c1cc(Cl)ccc1F	3.4	136213246.0
O=S(=O)(Nc1ccc(-c2nc(OC3CCNCC3(F)F)c3cn[nH]c3n2)cc1)c1cc(F)ccc1F	27.0	136213243.0
O=S(=O)(Nc1ccc(-c2nc(OC3CCNCC3(F)F)c3cn[nH]c3n2)cc1)c1ccccc1F	72.0	136213244.0
O=S(=O)(Nc1ccc(-c2nc(OC3CCNCC3)c3cn[nH]c3n2)cc1)c1cc(Cl)ccc1Cl	2.6	136213230.0
O=S(=O)(Nc1ccc(-c2nc(OC3CCNCC3)c3cn[nH]c3n2)cc1)c1cc(Cl)ccc1F	1.5	136213229.0
O=S(=O)(Nc1ccc(-c2nc(OC3CCNCC3)c3cn[nH]c3n2)cc1)c1cc(F)ccc1F	2.7	136213227.0
O=S(=O)(Nc1ccc(-c2nc(OC3CCNCC3)c3cn[nH]c3n2)cc1)c1ccccc1F	3.1	86269813.0
O=S(=O)(Nc1ccc(-c2nc(OC3CNC3)c3cn[nH]c3n2)cc1)c1cc(Cl)ccc1Cl	4.9	136213199.0
O=S(=O)(Nc1ccc(-c2nc(OC3CNC3)c3cn[nH]c3n2)cc1F)c1cc(Cl)ccc1F	29.0	136213377.0
O=S(=O)(Nc1ccc(-c2nc(OCC(F)(F)F)c3cn[nH]c3n2)cc1)c1cc(Cl)ccc1Cl	19.0	136213180.0
O=S(=O)(Nc1ccc(-c2nc(OCC(F)(F)F)c3cn[nH]c3n2)cc1)c1cc(Cl)ccc1F	10.0	136213179.0
O=S(=O)(Nc1ccc(-c2nc(OCC3CNC3)c3cn[nH]c3n2)cc1)c1cc(Cl)ccc1Cl	1.5	136213175.0
O=S(=O)(Nc1ccc(-c2nc(OCC3CNC3)c3cn[nH]c3n2)cc1)c1cc(Cl)ccc1F	1.5	136213206.0
O=S(=O)(Nc1ccc(-c2nc(OCC3CNC3)c3cn[nH]c3n2)cc1)c1cc(F)ccc1F	1.6	136213173.0
O=S(=O)(Nc1ccc(-c2nc(OCC3CNCCO3)c3cn[nH]c3n2)cc1)c1cc(Cl)ccc1Cl	6.0	136213290.0
O=S(=O)(Nc1ccc(-c2nc(OCC3CNCCO3)c3cn[nH]c3n2)cc1)c1cc(Cl)ccc1F	10.0	136213285.0
O=S(=O)(Nc1ccc(-c2nc(OCC3CNCCO3)c3cn[nH]c3n2)cc1)c1cc(F)ccc1F	240.0	136213289.0
O=S(=O)(Nc1ccc(-c2nc(OCC3CNCCO3)c3cn[nH]c3n2)cc1)c1ccccc1F	580.0	136213287.0
O=S(=O)(Nc1ccc(-c2nc(OCCCCO)c3cn[nH]c3n2)cc1)c1cc(Cl)ccc1Cl	1.2	136213069.0
O=S(=O)(Nc1ccc(-c2nc(OCCCCO)c3cn[nH]c3n2)cc1)c1cc(Cl)ccc1F	3.2	136213068.0
O=S(=O)(Nc1ccc(-c2nc(OCCCCO)c3cn[nH]c3n2)cc1)c1cccc(Cl)c1Cl	3.6	136213067.0
O=S(=O)(Nc1ccc(-c2nc(OCCO)c3cn[nH]c3n2)cc1)c1cc(Cl)ccc1F	5.1	136213066.0
O=S(=O)(Nc1ccc(-c2nc(OCCO)c3cn[nH]c3n2)cc1)c1cccc(Cl)c1Cl	2.3	136213065.0
O=S(=O)(Nc1ccc(-c2nc(O[C@@H]3CCCC[C@@H]3O)c3cn[nH]c3n2)cc1)c1cc(Cl)ccc1F	11.0	136213107.0
O=S(=O)(Nc1ccc(-c2nc(O[C@@H]3CCC[C@H]3O)c3cn[nH]c3n2)cc1)c1cc(Cl)ccc1Cl	6.7	136213113.0
O=S(=O)(Nc1ccc(-c2nc(O[C@@H]3CCC[C@H]3O)c3cn[nH]c3n2)cc1)c1cc(Cl)ccc1F	6.8	136213112.0
O=S(=O)(Nc1ccc(-c2nc(O[C@H]3CCCC(O)C3)c3cn[nH]c3n2)cc1)c1cc(Cl)ccc1Cl	4.1	136213110.0
O=S(=O)(Nc1ccc(-c2nc(O[C@H]3CCCC(O)C3)c3cn[nH]c3n2)cc1)c1cc(Cl)ccc1F	3.2	136213109.0
O=S(=O)(Nc1ccc(-c2nc(O[C@H]3CCCC[C@H]3O)c3cn[nH]c3n2)cc1)c1cc(Cl)ccc1Cl	12.0	136213108.0
O=S(=O)(Nc1ccc(-c2nc(O[C@H]3CC[C@@H](O)CC3)c3cn[nH]c3n2)cc1)c1cc(Cl)ccc1Cl	1.5	136213091.0
O=S(=O)(Nc1ccc(-c2nc(O[C@H]3CC[C@@H](O)CC3)c3cn[nH]c3n2)cc1)c1cc(Cl)ccc1F	1.5	90421307.0
O=S(=O)(Nc1ccc(-c2nc(O[C@H]3CC[C@H](O)CC3)c3cn[nH]c3n2)cc1)c1cc(Cl)ccc1F	3.0	90421307.0
O=S(=O)(Nc1ccc(-c2nc(Oc3ccc(O)cc3)c3cn[nH]c3n2)cc1)c1cc(Cl)ccc1F	4.5	136213070.0
O=S(=O)(Nc1ccc(-c2nc(Oc3cccnc3)c3cn[nH]c3n2)cc1)c1cc(Cl)ccc1Cl	1.2	136213064.0
O=S(=O)(Nc1ccc(-c2nc(Oc3cccnc3)c3cn[nH]c3n2)cc1)c1cc(Cl)ccc1F	1.2	136213063.0
O=S(=O)(Nc1ccc(-c2nc(Oc3ccncc3)c3cn[nH]c3n2)cc1)c1cc(Cl)ccc1Cl	1.2	136213061.0
O=S(=O)(Nc1ccc(-c2nc(Oc3ccncc3)c3cn[nH]c3n2)cc1)c1cc(Cl)ccc1F	1.2	136213060.0
O=S(=O)(Nc1ccc(-c2nc(SCCCO)c3cn[nH]c3n2)cc1)c1cc(Cl)ccc1Cl	1.5	136213114.0
O=S(=O)(Nc1ccc(-c2ncc3c(NCc4ccccc4)n[nH]c3n2)cc1)c1cc(Cl)ccc1Cl	650.0	90421570.0
O=c1[nH]c2ccccc2n1C1CCN(Cc2ccc(-c3nc4cc(-c5nnn[nH]5)ccc4nc3-c3ccccc3)cc2)CC1	50000.0	10312133.0
O=c1[nH]c2ccccc2n1C1CCN(Cc2ccc(-c3nc4ccc(-c5nnn[nH]5)cc4nc3-c3ccccc3)cc2)CC1	50000.0	10415819.0
O=c1[nH]nc2c3cc(-c4ccccc4)c(-c4ccc(CN5CCC(c6nnc(-c7ccccn7)[nH]6)CC5)cc4)nc3ccn12	50000.0	15979149.0
OCCNCc1nnc2c3cc(-c4ccccc4)c(-c4ccc(CN5CCC(c6nnc(-c7ccccn7)[nH]6)CC5)cc4)nc3ccn12	50000.0	44572055.0
S=c1[nH]nc2c3cc(-c4ccccc4)c(-c4ccc(CN5CCC(c6nnc(-c7ccccn7)[nH]6)CC5)cc4)nc3ccn12	50000.0	15979151.0
c1ccc(-c2cc3c(ccn4cnnc34)nc2-c2ccc(CN3CCC(c4nnc(-c5ccccn5)[nH]4)CC3)cc2)cc1	50000.0	15979276.0
c1ccc(-c2cnc3[nH]cc(-c4ccc(-c5nnn[nH]5)cc4)c3c2)cc1	160.0	45268295.0
